"","condition","ICC_MLM0mean","REMLcriterion_MLM0mean","REMLcriterion_MLM1mean","REMLcriterion_MLM2mean","REMLcriterion_MLM3mean","REMLcriterion_MLM4mean","REMLcriterion_MLM5mean","REMLcriterion_MLM6mean","AIC_sib0mean","AIC_sib1mean","AIC_sib2mean","AIC_sib3mean","BIC_sib0mean","BIC_sib1mean","BIC_sib2mean","BIC_sib3mean","rsquared_sib0mean","adj_rsquared_sib0mean","rsquared_sib1mean","adj_rsquared_sib1mean","rsquared_sib2mean","adj_rsquared_sib2mean","rsquared_sib3mean","adj_rsquared_sib3mean","marg_rsquared_MLM0mean","cond_rsquared_MLM0mean","marg_rsquared_MLM1mean","cond_rsquared_MLM1mean","marg_rsquared_MLM2mean","cond_rsquared_MLM2mean","marg_rsquared_MLM3mean","cond_rsquared_MLM3mean","marg_rsquared_MLM4mean","cond_rsquared_MLM4mean","marg_rsquared_MLM5mean","cond_rsquared_MLM5mean","marg_rsquared_MLM6mean","cond_rsquared_MLM6mean"
"1",1,0.212985921277866,322.727886307372,209.870315401158,215.348507780231,235.119182621366,239.930759047711,225.305887520628,234.220870472434,122.299335085094,123.375581197801,122.294852894745,124.36602312968,130.706519375067,133.183962869436,132.10323456638,136.976799564639,0.665351899185292,0.611808203054939,0.674942938331017,0.607222717149978,0.686167217022361,0.620785387235353,0.704521025286074,0.610504987877098,0,0.212985921277866,0.840392772539041,0.926171436981534,0.840728476011417,0.926334399591261,0.777451606975578,0.853747880500652,0.778335141224225,0.854316338721387,0.817392973144744,0.856013923594985,0.817939091896619,0.855330686378787
"2",2,0.197232427710296,1303.49530270751,834.201098624197,841.161680074917,937.617662753537,943.981315565644,903.4145516065,915.37407969691,475.36102564778,476.588906128762,473.881316904274,476.339733226322,492.085976104472,496.101348328236,493.393759103749,501.42715891136,0.638886652082716,0.626326187807332,0.64118010340948,0.625442388646738,0.649285284252761,0.633903059877882,0.653699390883873,0.632055602814115,0,0.197232427710296,0.841834613063723,0.926795476616813,0.841903898706117,0.926820663963772,0.781225959671457,0.8539967860958,0.781424212011877,0.854151432494529,0.818227689888037,0.854050215693634,0.818339064480373,0.853819454861926
"3",3,0.19881487758207,5547.42068883512,3525.47490497028,3533.88967361757,3969.64192673521,3977.37733900842,3825.08282421212,3839.97870269751,2004.74486951443,2006.06005399267,1996.09913685297,1998.7678038049,2030.15133386874,2035.7009290727,2025.740011933,2036.87750033636,0.633003172409768,0.630096266844696,0.633494487198612,0.629858519809709,0.640637901745384,0.637072801564286,0.641571060522813,0.636573047422534,0,0.19881487758207,0.841222575144989,0.927287060429542,0.841231772205334,0.927304952007288,0.781038220993433,0.853966022182711,0.781098749637827,0.853999593259985,0.817557077910248,0.853979508526739,0.817581217843717,0.853926705463633
"4",4,0.397842248033048,335.845251915602,218.198110156548,223.937592248015,236.17765123775,241.264844995598,226.507584851978,235.843116746582,122.693234646021,123.742082537829,122.733419930231,124.7401551954,131.100418935994,133.550464209464,132.541801601866,137.350931630359,0.657902176362994,0.603166524581074,0.667948944323532,0.598771641057601,0.6792036023136,0.612371019462267,0.698565660580395,0.60265473440143,0,0.397842248033048,0.853610702575794,0.942725213097154,0.853920438548247,0.942781081980656,0.830395464927968,0.887701486275929,0.830764854663833,0.888305851163272,0.860647648062736,0.88934385637847,0.861103293926262,0.889115394023147
"5",5,0.398913270115668,1356.30651553925,863.388545121478,870.606685540268,938.323598615981,944.957104594371,904.296067916417,916.763745838248,476.638697854826,477.86602124438,475.063640920306,477.524226133258,493.363648311518,497.378463443855,494.57608311978,502.611651818296,0.636135016498805,0.623478843159633,0.638460117678178,0.622603105295642,0.646953974264021,0.63146949945104,0.651398436223277,0.629610838487232,0,0.398913270115668,0.855863726629507,0.945375695006597,0.855922770257987,0.945409446776459,0.835213362750651,0.890605770549518,0.835286643169868,0.890666298347065,0.863098021792829,0.890648057251195,0.863177107569719,0.89046308216983
"6",6,0.399041121712011,5771.99825772612,3649.89121366478,3658.53973525809,3971.61772935438,3979.71105740415,3826.16226530828,3841.56309861056,2004.91943089232,2006.23952895976,1996.19398677999,1998.8007642595,2030.32589524663,2035.88040403979,2025.83486186002,2036.91046079097,0.632500419653797,0.629589531888678,0.63298785115805,0.629346857617951,0.640178989899237,0.636609337021253,0.641157068230945,0.636153282329782,0,0.399041121712011,0.856007542455982,0.945139050881363,0.856026537302698,0.945147818321561,0.835419988433602,0.890035057284479,0.83542994407099,0.890064262383027,0.862995691193346,0.890026314632014,0.863007656552916,0.890001925767625
"7",7,0.791634395245241,374.53517748565,247.356891820731,254.124263621246,237.565173006818,243.599041852208,228.056300170499,239.297296069194,122.694899724872,123.819783774586,122.668778628457,124.84223677916,131.102084014845,133.628165446221,132.477160300092,137.453013214119,0.66285376681111,0.608910369500887,0.672218299486185,0.603930445212473,0.684161104155028,0.618361334187326,0.701931906518702,0.607092058592835,0,0.791634395245241,0.879211383269194,0.980738044372844,0.879135897429863,0.980773242409611,0.940577838012315,0.960582449691767,0.940584332009955,0.960664113018492,0.951120508839429,0.961104515092063,0.951084075039007,0.960996152958465
"8",8,0.797548495194058,1515.71018861853,982.431792031687,990.638894926309,938.396290472295,945.934361532493,904.507336175424,918.880229838962,474.63840759683,475.96145185199,473.183879879004,475.734757300932,491.363358053522,495.473894051465,492.696322078479,500.82218298597,0.639460688876897,0.626920191098702,0.641455059474079,0.625729404187855,0.649844401250715,0.634486699551185,0.653964982648165,0.632337794063675,0,0.797548495194058,0.883317938141993,0.981636427936374,0.883330765570916,0.981656597220684,0.944447843881009,0.963121072746423,0.94446266574245,0.963143327648452,0.953810865942965,0.963126873120243,0.953831955797508,0.963121299179342
"9",9,0.800997574268275,6458.63443604526,4155.36977275702,4165.14713360624,3967.11495564498,3976.22579195503,3822.41186758844,3839.8277378598,2001.22165607215,2002.47829513889,1992.55600401276,1995.09270616195,2026.62812042646,2032.11917021892,2022.19687909279,2033.20240269341,0.633219001641475,0.630313805614873,0.633751768265294,0.630118353267926,0.640843700326056,0.637280641797545,0.641871587064156,0.636877764573018,0,0.800997574268275,0.885600155804691,0.98188522557676,0.885606081720955,0.981884958081308,0.9454895395325,0.963647427300032,0.945488319056656,0.963651483358501,0.954598899116984,0.963646510512305,0.954600059598605,0.963644471572842
"10",10,0.207363398172842,355.625902850332,230.809957695868,236.18579240088,315.250891696697,318.619263390957,284.486471100902,291.978544593227,138.121234200385,138.987754209697,137.802491157084,139.984631882968,146.528418490358,148.796135881332,147.610872828719,152.595408317928,0.616927770244458,0.555636213483572,0.630996951261792,0.554121316107998,0.650254037672406,0.577390295520824,0.668757999068143,0.563362816953461,0,0.207363398172842,0.836096731703549,0.957530499357178,0.836425854251868,0.957611560681608,0.52289440395042,0.588813535058596,0.527031128741145,0.59426514926919,0.715157726667198,0.715157726667198,0.713466959340335,0.713466959340335
"11",11,0.202240692652423,1434.56371874687,917.35642623225,924.16237008288,1261.1196149869,1266.09931797585,1137.59593242428,1148.1240557375,555.679886982142,556.799062264576,553.134918655625,555.861609769619,572.404837438835,576.31150446405,572.647360855099,580.949035454657,0.57126842255284,0.556356019859026,0.574366657298153,0.555698528232282,0.58912654348364,0.571105777846957,0.593359931281538,0.567944926986634,0,0.202240692652423,0.836863722122482,0.958018426220944,0.836899485021231,0.958058956691047,0.53417488367714,0.582235036563075,0.535067275579212,0.583305449971709,0.724378810345348,0.724378810345348,0.724120770992301,0.724120770992301
"12",12,0.1989455561494,6103.69357982758,3880.60942994372,3889.02995059655,5345.30129020127,5351.76984173602,4816.82132572821,4830.24220974271,2350.1171799523,2351.25179738924,2336.01588383796,2338.81673850359,2375.52364430661,2380.89267246927,2365.65675891799,2376.92643503505,0.564572699802884,0.561123770692412,0.565306074648232,0.560993634912599,0.578607776326812,0.574427297917356,0.579588148899432,0.57372583225062,0,0.1989455561494,0.836879253526305,0.957864384508913,0.836886242767932,0.957859147745647,0.536179402899732,0.578959393151217,0.536393495244952,0.579159293071082,0.725679883630428,0.725679883630428,0.725641883969488,0.725641883969488
"13",13,0.385582660091831,368.746324522844,253.782638662308,259.392537152968,315.613727584358,319.229628241681,284.951127640058,293.010548364081,138.799894432353,139.58169110554,138.595226479603,140.572387996099,147.207078722326,149.390072777175,148.403608151238,153.183164431058,0.61781931399939,0.556670404239292,0.632386101298868,0.555799872402799,0.649376708649177,0.576330189617755,0.669169422283793,0.563905147555909,0,0.385582660091831,0.751359550027943,0.967997765215973,0.751601333114255,0.968047289237697,0.638775763943427,0.690412928639234,0.64138939853781,0.694009033309769,0.784079263058142,0.784083277611238,0.782305835678749,0.782330932193228
"14",14,0.395252470571512,1486.8013813512,1009.63795528272,1016.75980578904,1261.14459529417,1266.36478213534,1137.00979386198,1148.24149964377,554.671389039919,555.822140466225,552.388759166084,555.167424134755,571.396339496611,575.3345826657,571.901201365558,580.254849819794,0.577772954376213,0.563086796267559,0.580776284933744,0.562389279886978,0.59432604922398,0.57653333208468,0.598377727102421,0.573276335046323,0,0.395252470571512,0.753094689925987,0.968384019767276,0.753165972536486,0.968384096458614,0.648743337842912,0.685742497145171,0.649356613653025,0.686341994040729,0.792859556883951,0.792859556883951,0.792469134086929,0.792469134086929
"15",15,0.401045000367953,6329.21010994475,4276.07116159608,4284.68300401293,5346.52175952177,5353.25688403846,4817.30948998174,4831.45024064736,2350.32544896339,2351.50702108652,2335.92489469081,2338.75239639663,2375.7319133177,2381.14789616655,2365.56576977084,2376.86209292809,0.563026279962042,0.559565101981544,0.56372264933468,0.559394501014588,0.577469879723241,0.573278112657003,0.578433427120952,0.572555008774033,0,0.401045000367953,0.752455469917269,0.968455191684785,0.752465838204943,0.968454063398601,0.651994549187463,0.68455685857062,0.652118197123298,0.68472145270151,0.794378718602268,0.794378718602268,0.794302027258596,0.794302027258596
"16",16,0.788646071708122,407.515303053732,302.481773932163,309.144096536997,316.493671730584,321.187863542986,285.966283579193,296.402369799834,137.390005538911,138.238619600285,137.206853254875,139.317309658341,145.797189828883,148.04700127192,147.01523492651,151.9280860933,0.629683915435795,0.570433341905522,0.643088477900451,0.568731910796378,0.658409394970077,0.587244685588843,0.675874331996071,0.572743437631185,0,0.788646071708122,0.57719812525295,0.989235603035176,0.57743988884481,0.989224684431027,0.874293101938182,0.892306416901373,0.874625865699062,0.893137087385049,0.92516148634559,0.92516148634559,0.923885268399453,0.923885268399453
"17",17,0.798082530899433,1647.86679592762,1210.28821817822,1218.44621557109,1262.39157843735,1268.73757387412,1139.92987723101,1153.50689676579,554.313305506143,555.396058883668,551.844591457013,554.54494217653,571.038255962835,574.908501083142,571.357033656487,579.632367861568,0.573773996173624,0.558948743866619,0.577052356081596,0.558502020822017,0.59129253959009,0.573366773782637,0.595671209984382,0.570400660608405,0,0.798082530899433,0.581834610144165,0.989382076887968,0.581895461438845,0.989383603738164,0.882292463009034,0.894306930694048,0.882355408297632,0.894405453394735,0.930138115048592,0.930138115048592,0.929894026396264,0.929894026396264
"18",18,0.800352281277968,7013.55864535391,5126.38094859599,5135.95279951548,5347.9508424041,5355.86048509306,4816.21245347924,4832.87056206337,2349.94808541904,2351.09392611551,2335.72132998182,2338.52482812153,2375.35454977335,2380.73480119554,2365.36220506185,2376.63452465299,0.562179433890085,0.558711548217927,0.562916022332926,0.558579871760832,0.576429812683501,0.57222772749187,0.577420133925884,0.571527585992579,0,0.800352281277968,0.583301800511289,0.989446647634786,0.583315719557308,0.989448524612282,0.883524500943243,0.894776817654727,0.883531007463811,0.894796349140715,0.931386518368705,0.931386518368705,0.931326920219755,0.931326920219755
"19",19,0.20740020189213,392.061486616451,253.161438048789,258.446105030302,367.266017902823,369.673022991768,329.800184813733,335.741380099322,118.530684914382,119.350408753838,118.351820527701,119.871366041811,126.937869204355,129.158790425473,128.160202199336,132.48214247677,0.870751989028056,0.850072307272545,0.875146322334232,0.849135139487197,0.880519037679319,0.855627170529177,0.888043046612621,0.852420379625728,0,0.20740020189213,0.825006348940248,0.976921352198227,0.825153856413424,0.976963244507551,0.370243287239719,0.443522058315333,0.378518479364042,0.455721832693371,0.657000367847746,0.657000367847746,0.655320312887277,0.655320312887277
"20",20,0.20579415670973,1580.87035672883,1008.72294459471,1015.50339208045,1475.83600917374,1479.86320837092,1327.45499346543,1336.56212518538,493.822460909122,494.814034702737,493.203775960199,495.408670529767,510.547411365814,514.326476902211,512.716218159673,520.496096214805,0.838181008051018,0.832552521374531,0.839455313161507,0.83241387952824,0.84118788568516,0.83422244207486,0.843212671971822,0.833413463970061,0,0.20579415670973,0.823978417490627,0.977092287446122,0.824029224697352,0.977090257836862,0.379789028009643,0.419974969588921,0.381569326831021,0.422237744184331,0.666626363332742,0.666626363332742,0.666251778827533,0.666251778827533
"21",21,0.202171209481276,6726.63185799894,4267.8296761637,4276.04506760221,6262.70357539531,6268.31108953571,5632.27578438956,5644.43216682653,2122.80098307206,2123.90325331491,2122.07184721577,2124.59529672654,2148.20744742637,2153.54412839494,2151.7127222958,2162.70499325801,0.837970989417962,0.836687591314341,0.838256501843442,0.836651903647445,0.838712460291949,0.837112385493258,0.839168952208285,0.836926288195253,0,0.202171209481276,0.823833588495493,0.977092138514757,0.823841805004879,0.977095711663277,0.382643860685881,0.40984853454437,0.38300849272647,0.410231665160051,0.668125367459708,0.668125367459708,0.668017503258834,0.668017503258834
"22",22,0.39807315509917,404.959151402049,280.068529280729,285.665704928087,367.570657541942,370.270942538076,330.285674945531,337.001384207415,119.188866130382,119.845858243601,118.949564967579,120.366058015318,127.596050420355,129.654239915236,128.757946639214,132.976834450278,0.867080778410522,0.845813702956205,0.872384674012671,0.84579814776531,0.877254407734463,0.851682409345809,0.885166687579154,0.848628815445248,0,0.39807315509917,0.68315972437002,0.982614289613687,0.68329460838843,0.982601297287671,0.522671583465428,0.576333973965544,0.527037093114023,0.583926589150347,0.739388308625875,0.739388308625875,0.736420295312109,0.736420295312109
"23",23,0.402321295291917,1633.47707656471,1117.9118064745,1124.9677463819,1475.84689540335,1480.17413956371,1327.68633359034,1337.5757317995,490.021197611195,491.122084875601,489.238947862207,491.539056498573,506.746148067887,510.634527075075,508.751390061682,516.626482183611,0.843902367944487,0.838472885090382,0.845040917723567,0.838244466746531,0.84680284286042,0.840083669301666,0.848675550809935,0.839217772735556,0,0.402321295291917,0.683585071403871,0.98272341745216,0.68361666031539,0.982729781218645,0.534123787557655,0.564499131024571,0.535131172267396,0.565747051346569,0.749541747305805,0.749541747305805,0.748880113250694,0.748880113250694
"24",24,0.398504615951151,6953.99159485611,4731.47524772477,4739.94818005951,6264.47755144594,6270.37477891932,5635.7476936322,5648.64974521163,2122.01977639974,2123.02466300236,2121.33396848409,2123.77148925699,2147.42624075405,2152.66553808239,2150.97484356412,2161.88118578846,0.839181016127925,0.837907202394285,0.839492564373939,0.837900228703045,0.839885215708321,0.838296775387968,0.840358883937775,0.838132812598262,0,0.398504615951151,0.684387835707528,0.982873016476891,0.684396887340485,0.982875459838852,0.536671662828414,0.556151917740854,0.536875199173268,0.556386679692715,0.750503686419144,0.750503686419144,0.750343623130548,0.750343623130548
"25",25,0.796306880038087,443.844314074335,331.026829937754,337.683586664216,368.620551201045,372.398615077519,331.595984466939,340.687301112737,119.58242610808,120.314036875218,119.346212805138,120.774095964365,127.989610398053,130.122418546853,129.154594476773,133.384872399325,0.859924549067209,0.837512476917962,0.864767343042598,0.836593872843139,0.871032213857868,0.844163925078257,0.878867328354618,0.840325114649269,0,0.796306880038087,0.400617000646708,0.994175251148048,0.400633856449516,0.994165295842861,0.835582584552445,0.854309900213484,0.836050990769216,0.855715527399479,0.910214862754481,0.910214862754481,0.908120153201501,0.908120153201501
"26",26,0.797147413902405,1794.07110658966,1325.13130346431,1333.35464824403,1477.25585098718,1482.77765036104,1331.13213509435,1343.5676056699,487.323554576698,488.300822711383,486.638315337669,488.903550488236,504.04850503339,507.813264910857,506.150757537143,513.990976173274,0.846869168452661,0.84154287865971,0.84818055320363,0.841521805537123,0.849642141980829,0.843047499085251,0.851608643951207,0.842334184198158,0,0.797147413902405,0.403947685707801,0.994313830754726,0.403983482759453,0.99431170504128,0.842716806181469,0.851976606794484,0.842781190925787,0.852139281600096,0.914689348329462,0.914689348329462,0.914214794830331,0.914214794830331
"27",27,0.799439193751854,7637.90601666273,5625.04845683552,5634.64239953263,6264.75502625838,6271.65834986502,5634.6981620842,5650.14037266705,2121.90819846972,2123.01940629472,2121.07468002736,2123.57937956983,2147.31466282403,2152.66028137475,2150.71555510739,2161.68907610129,0.837952413668776,0.836668868430509,0.838236092225438,0.836631291553071,0.838740767626277,0.837140973654316,0.83919849927618,0.836956247274055,0,0.799439193751854,0.404056340846808,0.994279609035234,0.404074438631086,0.994280370260891,0.844915798757777,0.851669184275732,0.844951057293675,0.851707267908674,0.916621538522003,0.916621538522003,0.916516401398439,0.916516401398439
"28",28,0.206340981763171,327.842611556717,238.522139986462,222.706570444879,253.828535848511,258.096416691319,245.961874632291,246.62927114792,131.525316601933,130.443672922295,131.319787768843,127.354209632817,139.932500891906,140.25205459393,141.128169440478,139.964986067776,0.61299804176323,0.551077728445347,0.648465103494163,0.575228666722114,0.638443526131972,0.563119260742799,0.715239628397884,0.624634055615392,0,0.206340981763171,0.782577825677798,0.864778018364512,0.837590329486332,0.919150037169804,0.726657492648618,0.799267026421086,0.729213206384141,0.80178455718801,0.762892072767326,0.802981110457189,0.790895064559513,0.832288138750832
"29",29,0.195633148528616,1322.16685282899,948.497120971364,867.615732781087,1011.17553648882,1016.9281791826,984.921668045232,964.802358973177,512.951850531753,506.75881334111,511.532864540321,489.709885425671,529.676800988445,526.271255540584,531.045306739796,514.79731111071,0.578647808501244,0.563992080101287,0.606290796824216,0.589022849316506,0.590558744023617,0.572600794200092,0.668128839916875,0.64738689241168,0,0.195633148528616,0.785030778614956,0.86544336906632,0.8400737272185,0.920900271499591,0.731455997379523,0.798729639592444,0.732037026629083,0.799274200491518,0.765001662432524,0.799169656963694,0.792919574698464,0.831532080095857
"30",30,0.199009401911492,5635.52050924722,4017.10742004243,3643.98603285665,4288.90816529183,4296.16870951154,4176.46103169657,4055.0306579199,2161.15829765063,2131.74859944748,2152.72149908916,2050.80632978704,2186.56476200494,2161.38947452751,2182.36237416919,2088.91602631851,0.572186051474437,0.568797426139581,0.597681552851536,0.593690298415539,0.580860908475262,0.576702782567279,0.659007222941311,0.654252343579935,0,0.199009401911492,0.786093795425395,0.866410271209509,0.841778872831953,0.921942564052791,0.732473975552641,0.799345138742096,0.73259684140059,0.799478628207431,0.76607855851481,0.799372110533681,0.794119927560375,0.83224742020848
"31",31,0.384142078818524,340.675598895898,244.196033820509,236.054102536619,253.637995018237,258.312968929248,245.773138594762,248.757343525053,131.843531383578,130.918143059832,131.83411548646,128.02873430011,140.250715673551,140.726524731467,141.642497158095,140.63951073507,0.60821052865179,0.545524213236077,0.643086373079751,0.568729367471366,0.632475146613091,0.555907468824151,0.710551675695269,0.618454481598309,0,0.384142078818524,0.810620475956739,0.899451793279482,0.84117870451129,0.929458884628373,0.794744878124724,0.848374591530377,0.795925962335723,0.849577479863532,0.821816279271678,0.85124970675199,0.837664872006326,0.871633488558721
"32",32,0.400024925815462,1375.70668688102,974.201812903468,925.396986039778,1013.35724159366,1019.49741767352,986.847353425206,975.470916594599,513.383667707022,507.289619769189,511.69501342488,490.104735553843,530.108618163714,526.802061968663,531.207455624355,515.192161238882,0.57258063617397,0.557713875693065,0.600147039457844,0.58260962890775,0.585460096936751,0.567278522240995,0.66320583232586,0.642156196846226,0,0.400024925815462,0.812981665753122,0.899178271629257,0.843145714848589,0.929052498274702,0.79752908504319,0.848309970173289,0.797824763513638,0.848652194740876,0.823137442208993,0.848806108665473,0.838408295353379,0.870541916259501
"33",33,0.398589758336499,5857.47566719626,4117.28792449926,3891.81681289791,4286.62430986339,4294.30376929,4174.57550316527,4090.71387525255,2163.52260097371,2134.4902223523,2154.9751639255,2054.2188288535,2188.92906532802,2164.13109743233,2184.61603900553,2092.32852538496,0.568529415549776,0.565111826762052,0.593938388331615,0.589909999326968,0.577379222555763,0.573186556112864,0.655468070087673,0.650663839989294,0,0.398589758336499,0.814688450706797,0.899797873106211,0.843990771388796,0.92897942532534,0.799158369644757,0.84937423520743,0.799218198512182,0.849429116774623,0.824292849382874,0.849381440447183,0.839341272838659,0.871499690957917
"34",34,0.791501443783724,379.559316320196,271.204225393402,274.415823752309,255.178354527256,261.001453330609,247.098551159617,255.911502564199,132.143875079791,131.292788041776,132.041225782317,128.357637593392,140.551059369764,141.101169713411,141.849607453952,140.968414028352,0.603130792856058,0.539631719713027,0.637894803253862,0.562456220598417,0.629190449754101,0.551938460119538,0.706630039828169,0.613285052500767,0,0.791501443783724,0.864540835596556,0.965149051719161,0.867453196889954,0.968400768390217,0.928872838424137,0.946979679689804,0.92895568037648,0.947227011945711,0.938450167797157,0.947941400148394,0.9397652456699,0.951341155736272
"35",35,0.796169230199085,1538.55551716571,1083.02608722497,1077.43780529806,1014.28288541558,1021.65847225178,987.644371409271,993.942127318016,515.019056306512,508.976583722015,513.434065511477,491.889167007571,531.744006763204,528.489025921489,532.946507710952,516.97659269261,0.576348362843726,0.561612653725247,0.603635608966776,0.586251205851284,0.588731091736657,0.570692981725107,0.665817407225374,0.644930995176959,0,0.796169230199085,0.870113148519446,0.966182741300695,0.873252180728203,0.969355291114727,0.932225759318506,0.949255523625292,0.932244169186367,0.94930554698719,0.940847890495908,0.949364066722048,0.942363277450803,0.95266605179944
"36",36,0.799520072363932,6547.13036118537,4582.77992114701,4538.97023460021,4289.04316381969,4297.74960933166,4176.20095488211,4162.37117036779,2171.09322979802,2142.09150495139,2162.07670022545,2062.35743983271,2196.49969415233,2171.73238003142,2191.71757530548,2100.46713636418,0.562538709381389,0.559073669455697,0.58830260427028,0.584218304709469,0.571891551177232,0.567644443550022,0.650229213973232,0.645351932096364,0,0.799520072363932,0.871350040526888,0.966517023126241,0.874282901199474,0.969438635901113,0.933011715129468,0.949710302375577,0.933029489444419,0.949719071237531,0.941449246881714,0.949712707285773,0.942914243980739,0.952837862724274
"37",37,0.210939756619927,357.908152276201,255.165622425476,242.21261634941,319.786775998859,323.022151494323,291.758710896359,295.785737237121,142.404346357108,142.813368022167,142.189195725064,140.720456087824,150.811530647081,152.621749693802,151.997577396699,153.331232522783,0.62710139020739,0.567437612640572,0.644170592090155,0.570039465442271,0.655907819189379,0.584221948187166,0.704305370034404,0.610220715045351,0,0.210939756619927,0.797468553740198,0.919886419973673,0.829406053593754,0.952838912087667,0.504419564790895,0.573162976465875,0.509130708792711,0.579962300915106,0.688339296601071,0.688393379861715,0.703168744209256,0.703256386699713
"38",38,0.203845108396813,1446.51466878872,1019.07554903561,951.427682913002,1281.62029998945,1286.43468084143,1170.60932702645,1167.6595834608,563.309821477761,564.036331453906,561.126504514652,552.786830386939,580.034771934454,583.54877365338,580.638946714127,577.874256071978,0.589932721853953,0.575669512179308,0.594220602025205,0.576423260008766,0.605200720541466,0.587884962670477,0.642256041854058,0.619897044469937,0,0.203845108396813,0.799955712542042,0.920635883314509,0.832098757049965,0.952817956370521,0.517542519266986,0.564677034563206,0.518689883549802,0.565987358226231,0.698806636703458,0.698806636703458,0.714807102736869,0.714807102736869
"39",39,0.199295641732244,6155.58842832647,4316.3414284728,4002.9780834658,5433.9185734415,5440.25277070583,4959.95240907954,4916.12958688706,2397.72354916789,2398.04223191854,2384.73528182094,2342.87606156351,2423.1300135222,2427.68310699857,2414.37615690097,2380.98575809498,0.571998275512729,0.568608162843523,0.573431734846566,0.56919990681925,0.584733905564838,0.580614202247029,0.620198047856073,0.614902004698688,0,0.199295641732244,0.800449335110507,0.920138915209098,0.833111301641055,0.95267311070433,0.519512849444734,0.560799003941023,0.519769594268198,0.561018826433685,0.699929768647943,0.699929768647943,0.716232949531411,0.716232949531411
"40",40,0.395434830200816,371.059142910282,276.033798156066,270.459541469818,320.073668725315,323.603251463692,291.87708319675,297.502278766088,144.051239367475,144.638326196275,143.754052722534,142.829766670691,152.458423657448,154.44670786791,153.562434394169,155.44054310565,0.614187125011671,0.552457065013538,0.630271678466898,0.553244944814168,0.64458743731593,0.570543153423415,0.690554041398218,0.592093963661288,0,0.395434830200816,0.722842331865597,0.940432275019033,0.739908814512492,0.957838252702194,0.627267670905438,0.679275467535656,0.630288637658353,0.683465816698917,0.766831231853843,0.766847937254085,0.773947324290107,0.773952536256061
"41",41,0.39312187189452,1498.93326806567,1104.23436936562,1064.96663693102,1282.61313750169,1287.71484512585,1172.42096471983,1173.69155131828,567.648931478627,568.339629495696,565.464794863705,557.183384240589,584.373881935319,587.852071695171,584.97723706318,582.270809925627,0.579770950973856,0.565154288399034,0.584298928751111,0.56606642562616,0.59539557148642,0.577649763218281,0.633111924984377,0.6101814202959,0,0.39312187189452,0.724567551262397,0.940341687038889,0.74186957656954,0.958075660047945,0.634915644370801,0.670783997762235,0.635639248507184,0.671568990626218,0.77127260603683,0.77127260603683,0.780012240126235,0.780012240126235
"42",42,0.400214718712038,6379.16963932101,4680.96151149177,4491.46449024705,5435.25346901637,5441.90419657508,4962.1706075681,4935.2192445521,2404.46097521094,2404.95494312615,2391.5938404626,2349.89043006098,2429.86743956525,2434.59581820618,2421.23471554263,2388.00012659244,0.564290793276745,0.560839631243293,0.565592637236362,0.561283040383548,0.577107025810134,0.572911659002695,0.613117568529191,0.607722793588363,0,0.400214718712038,0.724773438022813,0.940038816116017,0.742451366732096,0.957849327213533,0.638672208099776,0.669057067708538,0.638820591723755,0.669213689431763,0.774153877993466,0.774153877993466,0.782951753718057,0.782951753718057
"43",43,0.792272764110998,410.085052183111,323.738097995417,326.911546800303,321.643994542445,326.399618660658,293.540242334166,302.852403330536,144.247158137605,144.655646403397,143.953063696933,142.649888107979,152.654342427578,154.464028075032,153.761445368568,155.260664542939,0.604623636815167,0.541363418705594,0.622694938942343,0.544089717888664,0.636438726849191,0.560696794942772,0.686576238065084,0.586850495631247,0,0.792272764110998,0.56245187777689,0.979664601151047,0.564677010988625,0.981698061722728,0.869587653019294,0.888562047545385,0.869575870873174,0.889278387822824,0.918791003376623,0.918796604416802,0.918775095444612,0.918798142449633
"44",44,0.798962732063743,1659.41306264666,1298.79836191912,1294.58160199309,1283.70340151231,1290.00039274856,1173.43138733467,1183.72475696632,572.810817883891,573.559948976772,570.411143038664,562.553734639363,589.535768340583,593.072391176246,589.923585238138,587.641160324402,0.56098851475805,0.545718550053982,0.565465525463657,0.54640699587873,0.577969151657489,0.559459026730186,0.616496094533435,0.592527100441774,0,0.798962732063743,0.571836989559569,0.979906247039665,0.573701443659773,0.981790184894608,0.87761951367892,0.889565455203204,0.877696196095989,0.889643093767118,0.923432493159635,0.923432493159635,0.924159595550879,0.924159595550879
"45",45,0.799411170468136,7068.82026776275,5510.95031792355,5468.35768191465,5437.71021284924,5445.43345766287,4963.97230589519,4967.3404822296,2420.24003865676,2420.72890384094,2406.58683312292,2365.97633522536,2445.64650301107,2450.36977892096,2436.22770820295,2404.08603175683,0.552766608450044,0.549224165744697,0.554111274335656,0.549687775073113,0.566608630213409,0.562309112656002,0.602665907865313,0.597125392636343,0,0.799411170468136,0.574981171327949,0.979999786276823,0.576925249715398,0.98188349123845,0.879388859539219,0.889834265577654,0.879415124685096,0.88985763939276,0.924682309080397,0.924682309080397,0.925583299341842,0.925583299341842
"46",46,0.209179258620321,393.843769701775,275.027213585648,264.096895311046,369.318708317602,371.627855076073,333.709471285161,338.066710767168,132.62574498695,132.886594762367,132.523070800434,129.344871990399,141.032929276923,142.694976434003,142.331452472069,141.955648425359,0.831264476536563,0.804266792782413,0.841467651557204,0.808440078964955,0.842384051225664,0.80954739523101,0.872317612848803,0.83169139875524,0,0.209179258620321,0.803559648655127,0.956128436872415,0.82094234997294,0.973797687031868,0.367543646406901,0.435926705153459,0.376433175473615,0.448337753045038,0.64291402252005,0.64291402252005,0.649990615981876,0.649990615981876
"47",47,0.207740670731202,1587.55144617486,1101.84343143775,1040.26518246201,1483.77687909006,1487.78426098776,1342.78254595159,1345.53601317569,534.0877159171,534.21485579182,533.799284482858,520.396124426538,550.812666373792,553.727297991294,553.311726682332,545.483550111577,0.803917415712827,0.797097151911535,0.807028867910984,0.798565221766729,0.807415310772427,0.798968613876481,0.83046802277263,0.819872274195919,0,0.207740670731202,0.801004726676452,0.95573349809806,0.819353630893674,0.973711897885025,0.377078551837338,0.416295793689527,0.378876116416722,0.418774618247337,0.65443894289615,0.65443894289615,0.662975433162417,0.662975433162417
"48",48,0.201211136749418,6755.47223508799,4664.0943448747,4381.73335430207,6300.41891020392,6305.91297802488,5699.07372343284,5684.35566736207,2273.27998759744,2273.12583578099,2273.05597859154,2218.21289757369,2298.68645195175,2302.76671086102,2302.69685367157,2256.32259410516,0.801557245832954,0.799985422037571,0.80242256787826,0.800462474305624,0.802401088452803,0.800440781790629,0.823165463505743,0.820699643275743,0,0.201211136749418,0.802639636067402,0.955602918561047,0.820549410826842,0.973585085608657,0.377175235885044,0.404296081758659,0.377596752751701,0.404653142077301,0.655418461056075,0.655418461056075,0.664243571915959,0.664243571915959
"49",49,0.393439492929943,406.313927022681,300.250965538001,295.074638280872,369.575352303105,372.239414833487,334.130259058946,339.612953532925,132.944976857798,133.13311280228,132.591559497613,129.552212068921,141.352161147771,142.941494473915,142.399941169248,142.162988503881,0.827212309276804,0.799566278761093,0.837983950474396,0.804230606823229,0.839636618325294,0.806227580476397,0.869109090076972,0.827461982374191,0,0.393439492929943,0.666869697311116,0.96733784757708,0.676441443744947,0.977076719255323,0.517293234748139,0.568461925297906,0.521939950145639,0.576512261387254,0.727504534873017,0.727504534873017,0.729569920033225,0.729569920033225
"50",50,0.398482861569995,1640.09234862519,1205.26494663172,1168.00376295246,1483.94307334955,1488.31500496327,1343.43206338152,1348.63311298645,536.955701177877,537.038433818574,536.784679130398,523.771974926768,553.68065163457,556.550876018049,556.297121329872,548.859400611806,0.800249101974674,0.793301244652054,0.803438082933582,0.794816946220142,0.803588962288296,0.794974443090414,0.826648413222085,0.815813939048466,0,0.398482861569995,0.668703005912337,0.966701656300264,0.678595376176715,0.976679093847123,0.530846455023714,0.559823616867366,0.531752195761007,0.561050353426591,0.739091782500939,0.739091782500939,0.743392216196712,0.743392216196712
"51",51,0.39999041334382,6979.54216903809,5111.43376025275,4931.25419471863,6300.75153523238,6306.54342973839,5700.64378729586,5693.70725360558,2293.77763383443,2293.61359541071,2293.66617566604,2241.17662072446,2319.18409818874,2323.25447049074,2323.30705074607,2279.28631725593,0.793811792335395,0.7921786184133,0.794722042397527,0.7926855547229,0.794649603413408,0.792612397098065,0.815460988668968,0.812887735522917,0,0.39999041334382,0.667766837180661,0.966567922698781,0.677699492317463,0.976550734385858,0.53211099902699,0.552098789766352,0.53235796585549,0.552360817873994,0.740838374716184,0.740838374716184,0.745651923912467,0.745651923912467
"52",52,0.79462897360183,445.493523474286,350.451451501527,353.424855316577,370.346560210581,374.093450982946,335.172165198459,343.762750730961,134.911067321478,135.219294336447,134.845910121885,132.278021480682,143.318251611451,145.027676008082,144.65429179352,144.888797915642,0.815791810025207,0.78631849962924,0.826761997595819,0.790670747094949,0.827991050134759,0.792155852246167,0.857223211472292,0.811794233304385,0,0.79462897360183,0.397078263960896,0.989094357705752,0.39807585797861,0.990244374500389,0.835103549651733,0.853251228276971,0.835739802277622,0.854588327530537,0.906795054058632,0.906795054058632,0.905344409069383,0.905344409069383
"53",53,0.798991485754905,1799.65353492658,1411.82216820803,1406.99500013788,1485.44386548492,1490.86234108287,1344.55777846085,1355.32525321963,540.595385024844,540.694517632177,540.451314367637,527.65120120251,557.320335481536,560.206959831651,559.963756567111,552.738626887548,0.794869425026682,0.787734448505871,0.798070324185243,0.789213759456525,0.798392515949483,0.789550082438495,0.82157869672014,0.810427365265149,0,0.798991485754905,0.397736796085333,0.988872915931193,0.399006717599874,0.989978032044339,0.841523225593091,0.851630411341128,0.841642798838323,0.851856819359242,0.912146614944094,0.912146614944094,0.912254984475119,0.912254984475119
"54",54,0.799562856330865,7667.059963521,5995.25934169795,5951.39565345188,6301.54981071987,6308.48101835135,5702.37848558553,5711.16707240714,2311.5694604396,2311.61244473524,2311.48366431381,2260.50336886164,2336.97592479391,2341.25331981527,2341.12453939384,2298.6130653931,0.787069230167215,0.785382649812104,0.787917953974538,0.785813965422698,0.787945945718608,0.785842234862642,0.809043543054443,0.806380803614963,0,0.799562856330865,0.399106228629981,0.988852940051649,0.400152389477706,0.989947184831288,0.843804121113622,0.850284985339484,0.843834602861478,0.850311834066665,0.913416639369725,0.913416639369725,0.913865479179747,0.913865479179747
"55",55,0.209691967423125,357.081103734663,314.974098674353,268.256439998214,318.095355008028,321.202693821192,313.505984372859,299.37552361738,164.233131402394,160.771831149881,164.166906998651,146.921166494925,172.640315692367,170.580212821516,173.975288670286,159.531942929884,0.438454980372366,0.348607777231945,0.531923825958184,0.434407956366139,0.473371037903985,0.363656670800649,0.726667123711348,0.639697572164959,0,0.209691967423125,0.536364970623994,0.6093629219837,0.797314689857818,0.859515137841312,0.512972250519066,0.577127648094229,0.520712137283325,0.584746819894701,0.535759585876477,0.584996325551134,0.670377534912966,0.741401290393957
"56",56,0.206257685455871,1443.74361200154,1265.76215426067,1065.54660623752,1278.90920615242,1283.44095204875,1268.36600504403,1196.02142214781,644.463104626684,630.193197339631,643.103755527055,567.975180204824,661.188055083376,649.705639539105,662.616197726529,593.062605889862,0.372552742530446,0.350728490096722,0.452268720770543,0.428245419049952,0.389459328016966,0.362681228368587,0.679156401330411,0.659103676413562,0,0.206257685455871,0.541629415990065,0.600904491078538,0.799454343490263,0.857304611549978,0.517768945021198,0.563711730984151,0.519779661131055,0.565978779459934,0.538920065171689,0.568332661036102,0.671302283731075,0.732042657514455
"57",57,0.199836500160428,6155.46503273753,5376.59535155957,4503.15787812521,5432.22931005572,5438.28209632314,5391.92872432024,5053.65669920412,2730.87504915435,2666.32023704091,2723.81199006506,2391.35193710848,2756.28151350866,2695.96111212094,2753.45286514509,2429.46163363995,0.358774073432383,0.353695056192244,0.437303644027905,0.431721338909134,0.369993766004836,0.363743704159646,0.673072779315349,0.668514033210185,0,0.199836500160428,0.543891224464397,0.600166431188739,0.801081537674179,0.857680946511618,0.520253912256525,0.560561170343928,0.520700552946606,0.561128764181921,0.540421945544542,0.562219348569965,0.673645717052611,0.733767632040678
"58",58,0.392754387744312,371.006103442914,318.824507733548,298.964928750808,318.842675747863,322.515487510068,313.94287165571,307.657411107337,165.06146754235,161.799176109178,164.99360964497,147.537974984154,173.468651832323,171.607557780813,174.801991316606,160.148751419113,0.435604694990068,0.345301446188479,0.52686049963461,0.42828977039182,0.470176527881812,0.35979663785719,0.722736814046593,0.634516709425054,0,0.392754387744312,0.630029649328644,0.706698411362775,0.749127302714644,0.823901181549921,0.635527560156893,0.681622613749964,0.639563131511401,0.686281462786191,0.653428785064574,0.687932410736591,0.719019899312208,0.7882460697564
"59",59,0.397787344655716,1498.0050995776,1281.30195064923,1186.53215457695,1280.41967564841,1285.56552265463,1269.86704226559,1229.8217690563,647.673766975704,633.349507558418,646.401818262394,572.581717169743,664.398717432396,652.861949757892,665.914260461869,597.669142854782,0.367279095790375,0.345271412165693,0.447894893909183,0.423679757677129,0.383929440289848,0.356908801706069,0.672807037364747,0.652357477200044,0,0.397787344655716,0.631287902073396,0.698630340591517,0.752892494499587,0.821293826067292,0.637663004744199,0.671404320124797,0.638719687275619,0.672631173291166,0.653350085331242,0.675098107145714,0.717657615607905,0.775549848071631
"60",60,0.398767817928424,6381.96582172968,5439.20305842199,5020.41007995213,5433.60217645153,5440.20988078482,5393.51950703567,5193.92927051156,2736.726939257,2672.37620749972,2729.17770238592,2400.11889925468,2762.13340361131,2702.01708257975,2758.81857746595,2438.22859578615,0.352251290598979,0.347120607752238,0.431325581764235,0.425683970472214,0.364193239520445,0.357885632769656,0.667929362450273,0.663298895392807,0,0.398767817928424,0.633307115110183,0.700061884964063,0.753349020235033,0.8208160040399,0.640179507497155,0.669788921034711,0.640434005539209,0.670101293648847,0.655183299823945,0.6710891813019,0.719239545785877,0.775825993661941
"61",61,0.790040436107903,409.201982494596,338.692159577583,339.650340606904,320.24637495549,325.477896232981,315.560964723516,321.394512930863,165.430383899054,162.172648201599,164.998779013958,148.43283070074,173.837568189027,171.981029873234,174.807160685593,161.043607135699,0.421069120479568,0.328440179756298,0.513783620982263,0.412488542020234,0.462546887980217,0.350577489642762,0.710807273406597,0.61879140585415,0,0.790040436107903,0.797749059419626,0.895774956873409,0.808962454754456,0.907690474502389,0.871128030546196,0.888089896945281,0.871451469353839,0.888628376993972,0.876492038981501,0.88968181265941,0.881987566181765,0.90298983818436
"62",62,0.797794143215281,1659.46042306433,1360.58987409144,1350.47346360046,1282.14787719154,1288.96872342005,1271.6279311371,1272.31521198714,648.942962632572,634.556912592761,647.25954452803,573.057947734899,665.667913089265,654.069354792235,666.771986727504,598.145373419938,0.362631828785429,0.340462501091009,0.444134264782998,0.419754188676989,0.381392387415853,0.354260474583215,0.672386361651018,0.651910509254206,0,0.797794143215281,0.80851992653273,0.898984848966628,0.818741561483108,0.909227702493468,0.87830248837368,0.889808936302034,0.878360308353382,0.889935970730561,0.883469420346974,0.890933126478417,0.888737342206212,0.901011386559547
"63",63,0.799665374438729,7064.88294651444,5770.69862562361,5705.37491920422,5432.27256031489,5440.50844281166,5392.46128251127,5358.51908259188,2739.10836906777,2674.4747595438,2730.81770318161,2406.78653158391,2764.51483342208,2704.11563462383,2760.45857826164,2444.89622811538,0.345017898009865,0.339829920964398,0.425256121349148,0.419554297156183,0.358004377519828,0.351635373328556,0.661272002819457,0.656548704053992,0,0.799665374438729,0.810240381275041,0.899885498968553,0.82048074034345,0.910081494655304,0.879648811892883,0.889889277348913,0.879672276044427,0.889920649873632,0.884630933911435,0.89025194555473,0.889798450152549,0.900565228245145
"64",64,0.209588886032698,377.563037221899,323.525883772066,282.249647680205,347.976444174215,350.564609449496,331.09785279712,322.765731758185,166.303128140091,166.178230751239,166.37155026457,154.632213875711,174.710312430064,175.986612422874,176.179931936205,167.242990310671,0.55384452717423,0.482459651522107,0.584765263207288,0.498258026375473,0.580686032419308,0.493328955839997,0.74184273035733,0.659701780925571,0,0.209588886032698,0.603669202842155,0.719437929891682,0.789729962500186,0.906477519211189,0.423838451069177,0.487597398009274,0.43329378960247,0.498257698264843,0.554811624249254,0.558792170841633,0.649929270449313,0.655062818830469
"65",65,0.196987400427434,1526.6188769152,1306.75177820356,1123.68205373742,1403.40874278676,1407.58367949144,1342.2088861204,1293.61479163822,655.028799765312,653.136839345364,654.446988807722,603.97270241192,671.753750222004,672.649281544838,673.959431007196,629.060128096959,0.497634490502893,0.480160907563863,0.514047727169499,0.492734030992722,0.508524648201494,0.486968711719103,0.685882180339137,0.666249816610333,0,0.196987400427434,0.600473815579582,0.7151994280908,0.791635564965236,0.907384508213212,0.425481539230422,0.464939378344001,0.427631704731735,0.467396615598791,0.555414787666677,0.555471611683066,0.650874678976611,0.65104655087045
"66",66,0.199505889721464,6499.33123046071,5548.89608773078,4744.77007838715,5955.43331589232,5961.12131114336,5698.20491379048,5460.20584958077,2769.345268457,2758.61537508682,2765.86258563216,2538.43982965495,2794.75173281131,2788.25625016685,2795.50346071219,2576.54952618642,0.482920499729167,0.478824820519101,0.495765907298011,0.490763584949776,0.488527972426777,0.483453845169106,0.67459484618709,0.67005732412197,0,0.199505889721464,0.600703416884134,0.715499941879567,0.792836388905978,0.907723667913094,0.428919296432679,0.459670892505018,0.429400622470164,0.46016350635143,0.557493452273936,0.557493452273936,0.653791910009101,0.653791910009101
"67",67,0.393868568033706,390.431813783287,338.504101458817,320.019512613186,348.820726908003,351.900073830803,331.888915969285,328.926005962585,168.516622692687,168.526037832898,168.594030317581,158.478072117438,176.92380698266,178.334419504533,178.402411989216,171.088848552398,0.52190434288194,0.445409037743051,0.55280369675519,0.459637800245855,0.550599915973547,0.456974898468036,0.70985650743554,0.617538123437757,0,0.393868568033706,0.573932758922212,0.789618344882507,0.668440148416423,0.887953451196939,0.560970254362204,0.608933514403069,0.566328904260153,0.614936219518552,0.661171849968824,0.66468148875904,0.711406478688026,0.717518642269309
"68",68,0.397448169159563,1579.01624373491,1366.16728428706,1279.57081639276,1403.08850540236,1407.65686293984,1341.84490347909,1313.56310648541,661.278242979093,659.532806410752,660.547155409848,613.008421331682,678.003193435785,679.045248610226,680.059597609322,638.09584701672,0.468568123406342,0.450083536394389,0.48511418088426,0.462531469519534,0.480735602674968,0.457960848406326,0.659494748066863,0.638213169821042,0,0.397448169159563,0.575340237051752,0.786233128826697,0.672221436342059,0.884193907923479,0.568826437328337,0.598576698864998,0.570157078809464,0.600188113788129,0.666543791007308,0.666593985188992,0.715702713003132,0.71604546455108
"69",69,0.398055316159884,6723.85807581303,5805.02469116458,5417.92375457856,5954.34216436827,5960.39491274064,5699.42940417446,5551.19868431408,2795.96099094294,2785.91997707829,2791.58754821442,2580.89355971754,2821.36745529725,2815.56085215831,2821.22842329445,2619.00325624901,0.455937558993567,0.451628153520249,0.468725624624791,0.463455045504005,0.462746510179117,0.457416614446767,0.646739867085635,0.641813928977267,0,0.398055316159884,0.574988823682673,0.786021741409361,0.672280266841223,0.883645926793365,0.571647742488687,0.593684123889587,0.571960484921736,0.594021795417301,0.667242265601716,0.667242265601716,0.715851196451344,0.715851196451344
"70",70,0.789377530326356,429.598582293874,380.742678834413,381.234115273781,350.774655007716,355.288371796802,334.432726811386,340.467570953563,170.82958477258,171.090106543683,170.928678067656,161.953230189384,179.236769062553,180.898488215318,180.737059739291,174.564006624344,0.4890420405871,0.407288767081036,0.518225850892347,0.417856236494919,0.520094389142134,0.420114053546745,0.676505320084184,0.573575194656424,0,0.789377530326356,0.509723294291026,0.926967230052818,0.518964754066067,0.937126495740424,0.845251366773416,0.860857731827891,0.845621655295147,0.861843521625406,0.87927539908485,0.880210684943984,0.884151512058663,0.885954041992773
"71",71,0.797204932311909,1738.86080973842,1535.95777073174,1525.21156528337,1403.91861415767,1409.962662573,1343.49488699852,1345.69689065942,667.710436527666,666.152185691284,666.98792458213,622.982229763008,684.435386984358,685.664627890758,686.500366781604,648.069655448047,0.439597463734175,0.42010520160319,0.456248615762899,0.432399870840219,0.452347384956988,0.428327533420013,0.630095875479163,0.60697686769661,0,0.797204932311909,0.520032343502239,0.928172907697297,0.529527070966883,0.937318633549308,0.854497298406878,0.864351872941417,0.854622429951826,0.864562509291265,0.887053843683639,0.887090386066834,0.891542778674423,0.891617204978967
"72",72,0.799357852583091,7412.18015943777,6529.0535041314,6462.3821846066,5959.6054920624,5967.15850574128,5701.71869611985,5673.83648269915,2822.53337040931,2812.57245274477,2816.92241814028,2617.96220336508,2847.93983476362,2842.2133278248,2846.56329322031,2656.07189989654,0.427032450686211,0.422494093859963,0.440406741301885,0.434855220878292,0.435579664500663,0.429980256410392,0.620202153950644,0.614906168049557,0,0.799357852583091,0.524887499511174,0.928813353578886,0.533851718927857,0.937854622148746,0.85652528071804,0.864493980586045,0.856553318428448,0.864529757934636,0.888903691697735,0.888903691697735,0.893472750069112,0.893472750069112
"73",73,0.212484176120726,405.19394749998,335.975149652149,297.065877543976,382.949287821756,385.166394146361,356.16018838668,351.991081147684,168.537194457911,168.827882886719,168.597461747397,157.911084115496,176.944378747884,178.636264558354,178.405843419032,170.521860550455,0.675995723928619,0.624155039757198,0.693202397564416,0.629286230390336,0.694702030772471,0.631098287183403,0.808258331495768,0.747249618789875,0,0.212484176120726,0.666818605947197,0.82278169381187,0.790947329139767,0.946356890120261,0.341843430983239,0.409127738110295,0.350949054571869,0.421354438674954,0.565566100674053,0.565598683045627,0.628001940481211,0.628019971748077
"74",74,0.205369866601688,1635.65977219746,1353.74048411566,1183.0442544108,1543.29432850986,1547.01491316639,1440.47064084312,1410.33076506282,662.606491218236,663.137125710286,662.85225375496,618.699940440251,679.331441674928,682.64956790976,682.364695954435,643.78736612529,0.6331635471517,0.620404018356977,0.637616282655241,0.621722259964681,0.63830987639063,0.622446274477938,0.756674366904657,0.741466514836198,0,0.205369866601688,0.667101990193555,0.820149900926659,0.792402566574834,0.944709525426676,0.345774359137737,0.384038364505414,0.347947366144856,0.386861213727236,0.573264616558567,0.573264616558567,0.636275464721651,0.636275464721651
"75",75,0.201456810894022,6960.82254899258,5751.6233082449,4999.48526238664,6555.83426307616,6560.94685014453,6122.45655634753,5971.20853396259,2803.20905360538,2803.83912883864,2803.55070755104,2609.39206898788,2828.61551795969,2833.48000391867,2833.19158263107,2647.50176551934,0.621414817864987,0.618416123353027,0.622432957273347,0.618687252484393,0.622611085553502,0.618867147910184,0.74377925321146,0.740206453953452,0,0.201456810894022,0.666082748077356,0.818436537561101,0.792618825460874,0.944757021941509,0.345914797011276,0.369303300435897,0.34648925731422,0.369867837633072,0.57300777777906,0.57300777777906,0.635909737606922,0.635909737606922
"76",76,0.395805695344187,418.327515966729,356.307655641811,337.288907025292,382.877545001211,385.373672911718,356.259573777948,355.655724886044,171.568678936343,172.097216361115,171.956310195722,162.760055047368,179.975863226316,181.90559803275,181.764691867357,175.370831482328,0.644280477459508,0.58736535385303,0.660567111686478,0.58985192662116,0.662149867092109,0.591764422736298,0.775081837733236,0.703516967921083,0,0.395805695344187,0.567718362285855,0.865665149688916,0.634172540369217,0.93380109449911,0.506008704996667,0.554388880395846,0.511479789800352,0.562215346399728,0.673362994886467,0.673400349070673,0.705344448989307,0.705460642425824
"77",77,0.398762240734941,1688.14281112378,1437.09474550581,1350.9629877427,1543.3926438688,1547.43931861224,1441.15815442828,1423.50637561337,672.478324345421,673.116612362175,672.966667692868,631.920652263406,689.203274802113,692.629054561649,692.479109892343,657.008077948444,0.603620953274156,0.589833855996736,0.608015934434487,0.590823650857052,0.608477261615982,0.591305211686858,0.729067108939204,0.712133803247904,0,0.398762240734941,0.566455353881518,0.864237235725111,0.632587988564402,0.931057478688717,0.507619863869711,0.535103138340128,0.508979529679768,0.536500325640307,0.678001188135152,0.678001188135152,0.711545923528031,0.711545923528031
"78",78,0.398304687846688,7184.27372031015,6105.677436285,5719.90808328968,6555.86793718236,6561.48672849545,6123.31541794962,6022.43866689361,2842.58510737911,2843.27469542185,2843.02003921004,2666.11607829462,2867.99157173342,2872.91557050188,2872.66091429007,2704.22577482608,0.592755437626495,0.589529738122547,0.593797218849368,0.589767429353826,0.59398770125509,0.589959801465954,0.714782924942388,0.710805794413696,0,0.398304687846688,0.565840896524005,0.863588833343754,0.632292227178978,0.930774674601801,0.508088101304781,0.525622206143021,0.508364405938783,0.525979506460031,0.678561959593944,0.678561959593944,0.712167690241188,0.712167690241188
"79",79,0.796345447578631,457.041142579407,402.357892591999,401.939930447425,384.210142170028,387.996579813168,357.521071329115,363.752266558887,173.508597795647,174.067594618044,173.812587496111,165.729304795706,181.91578208562,183.875976289679,183.620969167746,178.340081230665,0.618629474248328,0.55761019012806,0.636163332798701,0.560364027131764,0.638118197690249,0.562726155542384,0.748999790338118,0.669136087263882,0,0.796345447578631,0.362126344846211,0.95577036928786,0.370290779146109,0.963163539175319,0.828076379286977,0.845309775535612,0.82842356829543,0.846292766800448,0.88679871958842,0.88679871958842,0.888968427491318,0.888973653714859
"80",80,0.798730969767966,1849.0843690365,1628.68323530394,1615.20154067986,1544.54101582108,1549.93508242293,1441.99829501818,1445.70606746043,682.372703867906,683.147997517262,682.98614412571,646.625782325969,699.097654324598,702.660439716737,702.498586325184,671.713208011007,0.571018828799777,0.556097744584117,0.575287219678855,0.556659466155998,0.575887181471674,0.557285742062536,0.69470118816155,0.675620012421647,0,0.798730969767966,0.367270818569238,0.954809812670704,0.37369913567226,0.96155875242269,0.834727165446487,0.843932837284188,0.834830352338091,0.84409063386353,0.892108949306107,0.892108949306107,0.895192145112805,0.895192145112805
"81",81,0.800664453352899,7872.57454154606,6926.37416641708,6849.32843741993,6556.57812434402,6563.42622985769,6120.89677019447,6102.4123610943,2881.23826054775,2882.04393119643,2881.79832313747,2719.78698103034,2906.64472490206,2911.68480627646,2911.4391982175,2757.89667756181,0.559071823943856,0.555579323539451,0.560097274236383,0.55573315989349,0.560304728914154,0.555942672653382,0.682004786329334,0.677570590122771,0,0.800664453352899,0.366223102948769,0.954657814759007,0.372941912590183,0.961424636719878,0.836427778718426,0.842804833834456,0.836460345539708,0.842849069686073,0.893476883375331,0.893476883375331,0.896786872236453,0.896786872236453
"82",82,0.208467769360265,392.092680504241,366.345396767598,329.474958369342,366.855345406474,369.427175901226,362.41685909053,348.349004074091,182.939409462733,183.006936381569,181.842821776318,167.994425841176,191.346593752706,192.815318053204,191.651203447954,180.605202276135,0.378750466028534,0.279350540593099,0.416326554999508,0.294727920624406,0.433835836772512,0.315884969433452,0.668194317767418,0.562619782511596,0,0.208467769360265,0.382458354444887,0.45191045755289,0.686572253901639,0.742424367743429,0.377838556157367,0.435947953024111,0.388635719816943,0.448079573215031,0.395720718289513,0.446308325207264,0.564891469019723,0.66936653651084
"83",83,0.197465104022252,1586.24830996189,1479.32845315601,1318.38525472823,1482.04454021975,1486.09363663049,1475.97080379024,1409.67727020502,719.959911131289,717.620021880224,714.660202119705,652.753554227981,736.684861587981,737.132464079698,734.172644319179,677.840979913019,0.31064354400436,0.286665928143642,0.335301819587087,0.306148390621609,0.350047454371203,0.321540763773449,0.618546862307687,0.594706041201917,0,0.197465104022252,0.38308426161036,0.431766435337053,0.689928936392712,0.732981646808,0.377256033342357,0.412706948324859,0.379907246841027,0.415698124650182,0.389928228002802,0.418351215445235,0.557703895919302,0.651178460832149
"84",84,0.200152707695601,6753.55136640267,6287.63910453189,5587.3782623698,6296.58286333477,6302.11669848083,6278.17535229085,5975.02370833885,3045.72166571202,3031.39670365662,3021.58083795692,2746.70076069802,3071.12813006633,3061.03757873665,3051.22171303695,2784.81045722949,0.289199389824292,0.283569285981316,0.311616489213322,0.304787287717423,0.324385629070465,0.317683105549338,0.607517307864387,0.602044441639388,0,0.200152707695601,0.382823402707041,0.424517106139489,0.689568810690179,0.729679409800108,0.378334491892693,0.404552088408429,0.378957157303436,0.405313655086783,0.389914243614113,0.407737358074896,0.556830021227838,0.649029720281657
"85",85,0.401491885434613,405.388008140708,369.768658010326,355.947055593594,367.550427449402,370.800334421681,363.150779458777,358.050879347508,182.951249544123,183.034554026601,181.832620033586,168.44938911314,191.358433834096,192.842935698236,191.641001705221,181.0601655481,0.373016507450464,0.272699148642538,0.411192105746814,0.288523794444067,0.429489012766042,0.310632557092301,0.657901509373256,0.549051989628384,0,0.401491885434613,0.509546823854732,0.584949722693661,0.63542628982684,0.704184580939874,0.53124975861863,0.578412114040635,0.537284429399012,0.58559225988956,0.543489841899221,0.584311209594731,0.621480297075435,0.714570156059862
"86",86,0.401495608029226,1637.1875188503,1490.66819288634,1423.9298361387,1481.28410803389,1486.03557369117,1475.38968025717,1445.35546607848,720.058486185808,717.410623741659,714.735784680836,654.502744673802,736.7834366425,736.923065941133,734.24822688031,679.59017035884,0.298990768019679,0.274607838211668,0.325758498146013,0.296186502450663,0.339113335039607,0.310127077804503,0.607663450421267,0.583142416072596,0,0.401495608029226,0.509730219511635,0.569668379298896,0.635615097048606,0.692707716121858,0.531765216485253,0.560107775656388,0.533255253427841,0.561762574171605,0.54066502930404,0.563662055653371,0.611834591690098,0.680981858927392
"87",87,0.398971876697274,6980.28434319572,6340.86155714641,6036.12112580607,6299.97359939259,6306.19374159789,6281.90302499964,6130.62942795493,3050.79036481005,3036.31374296168,3026.46388669289,2753.13989498943,3076.19682916436,3065.95461804171,3056.10476177292,2791.24959152089,0.283875436541154,0.278203162771183,0.306673554811077,0.299795316267536,0.319562595833758,0.31281222476068,0.603478973847511,0.597949796191999,0,0.398971876697274,0.51077597378994,0.56651734672305,0.637760133271536,0.693728709633602,0.532812399640002,0.552205904696688,0.533167060492722,0.552620236749699,0.541272953397643,0.554450312463439,0.611133555788551,0.675710142221266
"88",88,0.791093403107472,444.575626753657,386.374429890649,388.530236150793,369.403884964989,374.358017740708,365.052953840955,371.259061331194,183.406785916901,183.363852915981,182.185075697478,169.2128524264,191.813970206874,193.172234587616,191.993457369113,181.823628861359,0.372884798606201,0.272546366383193,0.413988734974213,0.291903054760508,0.431618885226538,0.313206152982066,0.654693620372336,0.544823408672624,0,0.791093403107472,0.761725738317296,0.84992382490812,0.771968918663575,0.860536741799498,0.8355372791555,0.851248194447323,0.836136855050534,0.851831637930704,0.838867867276756,0.852742165094603,0.845141374718412,0.864093027411197
"89",89,0.797405196559395,1798.65576308714,1558.48070195417,1553.50937121161,1483.48065564165,1489.98446999405,1477.57394252553,1481.66154266635,721.819244831201,719.323388974332,716.315868484487,655.231285948917,738.544195287893,738.835831173806,735.828310683961,680.318711633955,0.29604300183932,0.271557541033731,0.322109519459329,0.292377480839124,0.337402854922631,0.308341576629764,0.608992618754342,0.584554657426488,0,0.797405196559395,0.766342253723692,0.853659258981018,0.775796651973211,0.863235853550741,0.842035091050281,0.850962386163981,0.842164392378727,0.851165578347028,0.844857946148031,0.851983434108176,0.849773822146863,0.860498810393855
"90",90,0.799537987885191,7666.60684956585,6623.48574689288,6583.67756160871,6302.3288667291,6310.38065166958,6284.20768314903,6266.61907428936,3052.69948582833,3037.9500692622,3028.08349178118,2754.58385855106,3078.10595018264,3067.59094434223,3057.72436686121,2792.69355508253,0.279765178976359,0.274060348710826,0.303054622672932,0.296140482024846,0.316034341799253,0.309248968205991,0.601694757671591,0.596140700507649,0,0.799537987885191,0.769293772282385,0.854882062240797,0.778405634217382,0.864005479488986,0.843704549660883,0.850184532511112,0.843726657022654,0.850214132270119,0.84650812772576,0.850895481456981,0.851230980201209,0.859475057901488
"91",91,0.205072064374244,404.396494354179,373.187281350953,331.96378062398,381.521829265179,383.706336341785,371.034073298577,357.807739572085,186.234255274887,186.86207238148,185.760708886526,174.018511818581,194.64143956486,196.670454053115,195.569090558162,186.629288253541,0.43206560889662,0.341196106320079,0.4571138614711,0.344012582610912,0.474401470316493,0.36490177663243,0.676568486996325,0.57365846013152,0,0.205072064374244,0.422896051441234,0.539692521992779,0.710703739305866,0.827932235657612,0.348865881988751,0.40287882353323,0.359870563742672,0.41399010269637,0.430259485257056,0.446972357518225,0.582511463447421,0.615008765410279
"92",92,0.198841012875075,1634.18116475132,1508.56075608481,1333.34039988522,1541.7249119334,1545.23417564429,1508.78785267884,1445.87688856117,732.143011588308,731.798189241166,728.795870684154,676.755931556841,748.867962045,751.31063144064,748.308312883628,701.843357241879,0.363008815280638,0.340852600159965,0.375490898038867,0.348100147952853,0.390404533901907,0.363667890651991,0.614951510961651,0.590885980396755,0,0.198841012875075,0.419343454750297,0.530928432086413,0.70979066943776,0.820861909668847,0.345512814705146,0.380583282351267,0.348827667121986,0.384202664821591,0.427830528740674,0.431187836304413,0.575825972284403,0.589954896484031
"93",93,0.199217241599965,6960.84210495985,6415.74528194573,5649.80696100781,6554.35170590038,6559.46677226351,6419.09783860035,6130.10135844909,3099.14992611519,3093.70056985321,3082.50662136406,2849.51577605962,3124.5563904695,3123.34144493324,3112.14749644409,2887.62547259108,0.344021272257107,0.338825401146272,0.353599650961586,0.347186949086204,0.367526623302436,0.361252085835198,0.601848534703842,0.596296621841147,0,0.199217241599965,0.419668345138678,0.528493272292372,0.711504313525702,0.820280646487542,0.346686395605669,0.368913025008004,0.347376445317548,0.369698136605761,0.42844308597331,0.428537862550806,0.5746403321574,0.578775106259575
"94",94,0.396901489130095,417.662563708624,385.170155692934,369.059074145697,382.28881713642,385.130261491199,371.352563833064,366.007669242061,187.136023990847,187.709515864259,186.435308802662,176.247751156474,195.543208280819,197.517897535894,196.243690474297,188.858527591433,0.407311212600196,0.312481006616227,0.434627653323495,0.31684174776589,0.455329771091377,0.341856806735413,0.64627459424366,0.533725601503007,0,0.396901489130095,0.440971783705508,0.649379597286955,0.572134918664847,0.786381639168092,0.50791372580266,0.55399529040164,0.513465231414003,0.560712907252764,0.572811611304933,0.585593283539531,0.646041097011721,0.679545603292263
"95",95,0.401405785452262,1686.1875893373,1555.95887593315,1483.3670182119,1542.54731406087,1546.7611922738,1509.35355352594,1477.2290157994,737.076140941466,736.482055256227,733.173424210305,684.035271073159,753.801091398158,755.994497455702,752.685866409779,709.122696758197,0.329952449635508,0.3066464478837,0.344495204807463,0.315744994492001,0.361799685317201,0.333808443445149,0.586640975450731,0.560806036416402,0,0.401405785452262,0.436885607338806,0.645809993556541,0.568447279740978,0.776859143029189,0.506329385342245,0.533555486446062,0.508030082585851,0.53559261348415,0.568691257983868,0.570861705708345,0.637307013346621,0.651568497504721
"96",96,0.400511894457841,7184.16278595111,6619.78238029055,6291.5755366586,6555.31484266821,6561.07145393802,6420.9048421811,6259.92154169436,3118.29926459287,3112.35140421629,3100.32634999528,2875.75818720693,3143.70572894718,3141.99227929632,3129.96722507531,2913.86788373839,0.31561168528867,0.310190787746402,0.3262539227989,0.319569933937778,0.341799782332064,0.335270018267898,0.578596182881882,0.572720034037606,0,0.400511894457841,0.437211938432271,0.64470040012034,0.569993868543473,0.777771972165829,0.508833642583619,0.526359485962178,0.509207531011201,0.526805642524361,0.569971824700302,0.569994244590211,0.637448215262613,0.642452104732484
"97",97,0.791888598658591,456.631786591959,422.626903356623,423.947770779937,383.699353482492,388.059750691925,373.156962039602,378.538383830522,188.725271498718,189.319610050569,187.91292764926,178.165701759663,197.132455788691,199.127991722204,197.721309320895,190.776478194623,0.379435552311389,0.280145240681211,0.408182440611968,0.284887115739461,0.432636777652053,0.314436106329564,0.624939671183919,0.505602293833348,0,0.791888598658591,0.467753931295369,0.880721305086528,0.479704835600403,0.892618338937504,0.828153865936877,0.843667743702293,0.828633184837135,0.844328246091886,0.849681500382226,0.85430329395724,0.855537601671761,0.863359256334739
"98",98,0.79788377177014,1846.97382288314,1709.56371903492,1702.74507115331,1543.91364151746,1549.81370840648,1510.86956519705,1512.72026016523,741.797818011231,741.084053857938,737.538184202107,689.077120737564,758.522768467924,760.596496057412,757.050626401581,714.164546422602,0.309292151314761,0.285267530490927,0.325037871220301,0.295434269080841,0.343873491500265,0.315096013057294,0.571831468466387,0.545070935245536,0,0.79788377177014,0.474023534684582,0.880835027181597,0.485117114248828,0.891886387662536,0.833553688098917,0.842545815161408,0.833700724398676,0.842757276141458,0.854466395693588,0.855230180907505,0.860071260876304,0.861673375414998
"99",99,0.798944338085081,7874.72619712826,7270.54432424895,7223.7930655185,6557.60382476321,6564.95598344316,6422.63371249447,6398.04480980285,3137.6588566409,3131.58114170703,3119.10419153556,2904.37970095142,3163.06532099521,3161.22201678706,3148.74506661559,2942.48939748289,0.29402758104982,0.28843572030566,0.305180487306082,0.298287436584912,0.3218532363367,0.315125589871786,0.557300008789169,0.551126901342006,0,0.798944338085081,0.480267717440313,0.881694238967684,0.490916792868228,0.892314493302923,0.836051721309366,0.841340892953749,0.836093322805216,0.841386108644979,0.856504545945729,0.85652278566052,0.861883014104128,0.861982652300257
"100",100,0.207677244241634,422.625088600059,379.855467106392,337.178577789199,403.12174747452,404.961339909775,384.337856184015,374.182940089044,189.070799989255,189.771812222576,188.842914886895,179.512756376649,197.477984279228,199.580193894211,198.65129655853,192.123532811608,0.521859413151918,0.445356919256225,0.540886166482535,0.445237451166397,0.555207991653674,0.462542989914856,0.70891722436332,0.616299977569831,0,0.207677244241634,0.505472800405423,0.660288590309718,0.732883293596412,0.891515147608693,0.305258764973744,0.368569891965226,0.316126189903056,0.379961565299404,0.470075045206955,0.472514007119081,0.585913114453896,0.589195134336071
"101",101,0.201769271861072,1709.42436883485,1539.9153386136,1352.72015337879,1630.33799178535,1633.64766139808,1563.88545699619,1510.87725026608,744.303526547878,745.174294662345,743.244526534372,697.56930776309,761.028477004571,764.68673686182,762.756968733846,722.656733448129,0.462193511774969,0.443487199141055,0.467309504669159,0.443945886452894,0.475827442569148,0.452837418120426,0.652251093525494,0.630516786870838,0,0.201769271861072,0.501216101637955,0.652659395995613,0.73898080812615,0.890584546751615,0.30710587646467,0.340464862988962,0.309959962074197,0.34367574908256,0.472531080735317,0.472531080735317,0.590466399618194,0.590494693548485
"102",102,0.199054381215835,7273.39196291719,6540.70614526019,5736.35707803164,6927.60175777305,6932.42628205329,6648.66280785446,6400.79239344118,3146.12280522004,3146.44555175702,3139.54195810331,2935.18363196124,3171.52926957435,3176.08642683705,3169.18283318333,2973.29332849271,0.44738181802884,0.443004644310257,0.449220511205473,0.443756428975368,0.456661847998741,0.451271588554284,0.63857280084957,0.633532979347473,0,0.199054381215835,0.502264052917882,0.653152311220965,0.737959910473683,0.889351584958692,0.306359920416256,0.326269320033207,0.307001235605899,0.327018016030247,0.472631250704131,0.472631250704131,0.590741666823868,0.590741666823868
"103",103,0.396677878284367,436.194845025465,395.902197410241,377.298607074737,403.479523759964,405.658008140094,384.404685309205,380.081893306178,191.065704457971,191.834121654505,190.598058158827,182.722430466445,199.472888747944,201.642503326141,200.406439830462,195.333206901405,0.491953787587122,0.410666393601062,0.511967181401441,0.410293677526741,0.531676734394681,0.434109387393572,0.677833551181197,0.575326044738851,0,0.396677878284367,0.453694451277312,0.751624815184801,0.564894760999731,0.865367338720643,0.478554968584934,0.529968012386371,0.485707962312172,0.538564200394119,0.605076015156733,0.606814396067943,0.662516108620714,0.667100623773865
"104",104,0.396430585005114,1761.14763102549,1605.0701251641,1520.58593862352,1629.50355453315,1633.35141990972,1563.02414159368,1533.17898538438,752.762881313645,753.784348948089,751.651248335101,710.58343221019,769.487831770337,773.296791147563,771.163690534576,735.670857895228,0.421801514806647,0.401690263147748,0.426524298323521,0.401371855267536,0.436726041319046,0.412021043131284,0.611272649278455,0.586977189858358,0,0.396430585005114,0.4437648158584,0.74103472077813,0.559595602490091,0.858408409003249,0.47860998881363,0.501849438629199,0.480114335246149,0.503436348064532,0.602887302878348,0.602889532708937,0.661295923900943,0.661348559456874
"105",105,0.400141439329793,7497.9130711293,6826.13740292174,6455.11757630642,6927.5132458029,6932.80273553569,6648.11037872484,6497.16770878127,3183.65561329637,3184.0730912079,3176.70767811934,2989.91961185315,3209.06207765068,3213.71396628793,3206.34855319937,3028.02930838462,0.404084488076245,0.399364365209523,0.405953883833209,0.400060569188697,0.414487784947062,0.40867913201995,0.59678018160801,0.591157594498958,0,0.400141439329793,0.442571853005479,0.740574944277432,0.55876221705995,0.85695777683869,0.479578338677443,0.495055115499585,0.479947066182471,0.495479523137668,0.604536414401226,0.604536414401226,0.662681753184958,0.662681753184958
"106",106,0.792785493143403,475.444429331423,440.094881200108,439.646908062423,404.968141148272,408.632545242796,386.344853383227,390.912252044087,193.624921575854,194.496748548272,193.44916480843,185.642455601022,202.032105865827,204.305130219907,203.257546480065,198.253232035981,0.449636978643066,0.361578895225957,0.469749512407222,0.359280660825394,0.487363293298973,0.380563979402925,0.641590798255197,0.527551506790942,0,0.792785493143403,0.329080962853653,0.913743342265926,0.341347818973796,0.926194502696045,0.818852072556243,0.835297294288457,0.81941952564628,0.836472553376537,0.861550844520839,0.862029598805233,0.867050697224329,0.868167393953036
"107",107,0.799130591883124,1922.16670341701,1782.96323633583,1771.92398946399,1631.83982114126,1637.11223770435,1564.88448641608,1565.65972431601,760.871498962494,761.886866717871,759.565892288675,721.341404952412,777.596449419186,781.399308917345,779.078334488149,746.42883063745,0.381245837065324,0.359723953137162,0.386418793510832,0.359507337085869,0.39829264360538,0.3719019700793,0.574105623129524,0.54748722457512,0,0.799130591883124,0.322723592955443,0.913624091488351,0.333507190194195,0.92446108529717,0.824501280501906,0.833127319270698,0.824647350573207,0.8333363644364,0.866649719625778,0.866649719625778,0.871844530362371,0.871850692119698
"108",108,0.798995291522167,8187.59505761334,7587.32717007249,7525.24828008347,6932.21485435572,6938.93844866269,6652.10317685482,6624.54357533315,3219.79616309438,3220.11357677663,3211.66288338148,3037.28265410301,3245.20262744869,3249.75445185666,3241.3037584615,3075.39235063447,0.364164895492247,0.35912857783278,0.366286157579812,0.359999313905009,0.376711725722561,0.370528310303142,0.560088543571981,0.553954320075973,0,0.798995291522167,0.323961496081386,0.913231111722073,0.334334629099344,0.923681262907812,0.825718050944662,0.830835319344182,0.825759468026318,0.830879795256005,0.867649478356767,0.867649478356767,0.872850140806016,0.872850140806016
"109",109,0.2045957624232,318.06850287314,207.745150084097,213.234233596793,207.041470458856,212.459002699218,205.852867475698,215.393303716939,106.487621611989,107.157236176406,107.121499064235,108.141423449324,114.894805901962,116.965617848041,116.92988073587,120.752199884284,0.785688028005264,0.751398112486106,0.794574063763712,0.751776993714485,0.794636216312496,0.751852094710933,0.813113740886072,0.753649931168004,0,0.2045957624232,0.83832027711121,0.918572192230245,0.838772064669905,0.918965910633485,0.838562427976514,0.918907897411342,0.838977239230388,0.919205465339764,0.839322495432695,0.919229609645973,0.839885665015307,0.919706654149265
"110",110,0.199915094736962,1280.5244899763,821.577448376519,828.545281481569,820.916123510401,827.803027681635,821.124329895303,833.590378985232,409.345375473775,410.329480416648,410.082693353571,411.932420321382,426.070325930468,429.841922616123,429.595135553045,437.01984600642,0.771054935162707,0.763091628559671,0.772980910384436,0.763023932769718,0.773420156843811,0.76348244442468,0.777406840509303,0.763494768041135,0,0.199915094736962,0.839135598643987,0.919858942767207,0.839229364905011,0.919899988570029,0.839175740400774,0.919914338964758,0.839265629735166,0.919948582195698,0.839410540399251,0.919998238804708,0.839636413303649,0.920046347827367
"111",111,0.200350582043693,5449.91718048678,3467.24874068058,3475.57258188856,3466.53282109647,3474.87179496326,3468.24538438852,3483.6072977711,1722.86758345681,1723.72718065825,1723.60876486938,1725.24712675356,1748.27404781112,1753.36805573828,1753.24963994941,1763.35682328502,0.76781833553377,0.765979272844929,0.768333639772704,0.766035362389497,0.768388530816449,0.766090797987247,0.769453702432987,0.766238913423088,0,0.200350582043693,0.8397840566261,0.920133217368469,0.839819283137365,0.920156180407576,0.839807914527182,0.920147001414962,0.839834189956703,0.920160993114111,0.839844763910961,0.920165440226047,0.839894343646154,0.920205562536103
"112",112,0.383916860735195,330.306932866007,207.657537090448,213.552725242618,207.004364344164,212.663800216792,205.850506122863,215.827165888371,106.34035282162,107.057487079336,106.943423615721,108.210578566553,114.747537111593,116.865868750971,116.751805287356,120.821355001512,0.783671368525755,0.749058787489876,0.792355097345248,0.749095742625508,0.793119964190265,0.750019956729904,0.810374338848951,0.750038901209981,0,0.383916860735195,0.877298857295625,0.938394582982055,0.877437904952045,0.938440518514798,0.877383363329278,0.938376042337344,0.87752488317653,0.938507223238944,0.877960340090199,0.938590667646373,0.878438677453076,0.938778707997434
"113",113,0.399944060127939,1333.30187634035,821.818498770731,829.137445040865,821.114098578359,828.166083027253,821.397474437888,834.233295065825,410.188353561279,411.051800161393,411.020216745365,412.600084332202,426.913304017971,430.564242360867,430.53265894484,437.687510017241,0.769849726939065,0.761844500049989,0.772017328117115,0.762018088122252,0.772078571097033,0.762082017197781,0.776589784499238,0.762626646030441,0,0.399944060127939,0.879119066826246,0.939563280428822,0.879147760577305,0.939607843050137,0.87918786428412,0.939559374258306,0.879268381275878,0.939594908019568,0.879262779743134,0.939605881898153,0.879393590595647,0.939700750107193
"114",114,0.39971259019643,5673.75257480489,3465.40624360013,3474.16581038333,3464.76093273734,3473.2993439536,3466.50393052256,3482.32239270503,1722.93722002272,1723.88845131107,1723.74324061007,1725.57306192344,1748.34368437703,1753.5293263911,1753.3841156901,1763.6827584549,0.767035032688409,0.765189765620594,0.767512103251442,0.765205675704333,0.767576344616984,0.76527055438501,0.768558559234847,0.76533128814848,0,0.39971259019643,0.880041703187652,0.940046682308896,0.88005478801019,0.940054769591845,0.880049139816214,0.940044075041122,0.880060498579437,0.940053547334551,0.880069565812732,0.940055499171121,0.880099114392121,0.940070214505501
"115",115,0.788154993388383,368.96774224665,208.921501553823,215.926633954871,208.180113741609,214.622914612364,207.114097538477,218.540613910019,106.465407793351,107.203287165621,107.121485228461,108.125929176302,114.872592083324,117.011668837256,116.929866900096,120.736705611261,0.784524111740686,0.750047969619196,0.793153286367278,0.750060221027127,0.793359727428018,0.750309670642188,0.812153446286806,0.752384088287154,0,0.788154993388383,0.957264131501931,0.97829608381997,0.957293536040938,0.978305944391408,0.957270367748112,0.978325955216259,0.957354643179659,0.978331950086214,0.957215328219505,0.978347441733211,0.95738924468902,0.978357649571089
"116",116,0.797038900914712,1493.2847359623,823.664339412725,832.150376775001,822.962847673284,830.868104686748,823.218270495741,837.867241068924,410.65101586087,411.62876092833,411.528356060655,413.192310710959,427.375966317562,431.141203127805,431.040798260129,438.279736395998,0.768089585031512,0.760023135815217,0.770032609088,0.759946320012912,0.770217334274106,0.760139147180865,0.774575550794161,0.760486522718795,0,0.797038900914712,0.959210978411991,0.979486672946123,0.959212354609371,0.979495832499106,0.959210589924623,0.979500213572836,0.959237160735813,0.979499839706869,0.959220236827395,0.979504363592002,0.959231681146343,0.979513014756949
"117",117,0.800082525132926,6359.8937948624,3470.0750700927,3480.02728085953,3469.34643687249,3478.72685945088,3471.13615294312,3488.70826568733,1723.16323230023,1724.22401518681,1723.97227943147,1725.89258294155,1748.56969665454,1753.86489026684,1753.6131545115,1764.00227947301,0.766124083213158,0.764271600703955,0.766555777383602,0.764239862476693,0.766673440409905,0.764358692794924,0.767622632499046,0.764382310641463,0,0.800082525132926,0.959766411119616,0.979938606323065,0.95976728015496,0.979939223601772,0.959767606994331,0.979941356548168,0.959771645561438,0.979943245130876,0.959766212302301,0.979942604848465,0.959772425363333,0.979943067246066
