"","pid","y_1","y_2","con_1","con_2","cat_1","cat_2","catwtn_1","catwtn_2","catbtw_1","catbtw_2","conwtn_1","conwtn_2"
"1",1,2.36339145692662,-3.62207386945955,-18.0737051655581,-23.1058435636646,30.4124145231932,10.4124145231932,1,-1,1,1,-0.646366256498429,-1.14958012299034
"2",2,7.02752389165251,-1.68196384852404,-10.1711055019728,-17.0173980441265,30.4124145231932,10.4124145231932,1,-1,1,1,-0.0179885285546302,-0.702617669829815
"3",3,-12.7804943668355,-9.41136267074217,-6.15403274688622,-0.819629839591851,-30.4124145231932,-30.4124145231932,-1,-1,-1,-1,-0.977206895966648,-0.443766634298828
"4",4,-15.7330051879991,-6.99407752685708,-47.67291701978,-19.2777578527852,-10.4124145231932,-10.4124145231932,1,1,-1,-1,-3.37667453948479,-0.537158629246835
"5",5,0.496053547995275,3.51578792422859,11.8525103205729,22.2419760981706,-10.4124145231932,-10.4124145231932,1,1,-1,-1,-1.97533434268955,-0.936387670782445
"6",6,-11.506962157216,-14.5386433974237,-5.42348286321325,-21.9931655993689,-30.4124145231932,-30.4124145231932,-1,-1,-1,-1,0.170158194046892,-1.48681014075072
"7",7,4.54010663116877,15.9148492034594,-0.715577450464394,11.6092497548557,10.4124145231932,30.4124145231932,-1,1,1,1,-1.79302152156809,-0.5605387239988
"8",8,-1.64147743365945,0.527244140180219,-16.9735363811416,-38.0832402101334,10.4124145231932,30.4124145231932,-1,1,1,1,1.46903938473877,-0.641931021013022
"9",9,-1.66664705283409,-11.3181652591303,-37.8053915282792,-48.2764666205949,30.4124145231932,10.4124145231932,1,-1,1,1,0.336444602797508,-0.710663054272538
"10",10,1.0383989975582,-3.83558957549621,-19.5790945372436,-21.4319487897839,30.4124145231932,10.4124145231932,1,-1,1,1,0.028926967059682,-0.156358544911483
"11",11,3.53118875133312,-1.42190701129798,25.8210263660232,11.6440892067437,-10.4124145231932,-10.4124145231932,1,1,-1,-1,2.29155581833347,0.873862221006627
"12",12,-6.43330727035477,-6.44196387515001,8.33051381438821,8.71978079361487,-30.4124145231932,-30.4124145231932,-1,-1,-1,-1,0.280332307279759,0.31925900840953
"13",13,5.83901752506896,1.7645491967785,-13.9619972512485,-8.2332497589922,30.4124145231932,10.4124145231932,1,-1,1,1,-1.12186066128261,-0.548985881159915
"14",14,-15.415777809714,-15.0596445994981,-16.7192618204055,-10.2571310376414,-30.4124145231932,-30.4124145231932,-1,-1,-1,-1,0.015490689276931,0.661703741650014
"15",15,-14.0835599594721,-17.6204476713662,-8.59010883619059,-21.0634028310246,-30.4124145231932,-30.4124145231932,-1,-1,-1,-1,0.289427100445374,-0.957902264784001
"16",16,-12.209936613144,-14.5049082459505,-15.9715523726317,-14.2651876965233,-30.4124145231932,-30.4124145231932,-1,-1,-1,-1,0.307023546386809,0.477659996090515
"17",17,-5.29764469665366,-9.87597638175156,-2.78573339906376,-25.2089587544022,-10.4124145231932,-10.4124145231932,1,1,-1,-1,2.06027130622547,-0.182051419223784
"18",18,1.50595369368362,-1.37515355558253,11.6346713360658,2.0570881488909,-10.4124145231932,-10.4124145231932,1,1,-1,-1,0.289305831618915,-0.668452479675783
"19",19,-7.51820959649857,-3.55221675197848,-15.2268141735681,-6.32303342069049,-10.4124145231932,-10.4124145231932,1,1,-1,-1,-1.34856035977751,-0.458182303973878
"20",20,-3.5024436999835,0.20736584287219,-0.903960479404748,9.00058061197522,-10.4124145231932,-10.4124145231932,1,1,-1,-1,-0.178247269148447,0.812206797222147
"21",21,-13.9438322350216,-14.1863135767121,-13.4654354067599,-21.7239307719978,-30.4124145231932,-30.4124145231932,-1,-1,-1,-1,-0.569650191188818,-1.39549966517668
"22",22,6.85333302243013,19.7710037079594,21.1109196810036,37.5892809097942,10.4124145231932,30.4124145231932,-1,1,1,1,-0.68353444285466,0.964301681359303
"23",23,14.4735877178888,12.0634568481714,34.3403521898075,6.91405062357729,10.4124145231932,30.4124145231932,-1,1,1,1,1.06137905523007,-1.681251231298
"24",24,-16.18004403078,-20.4316287553884,-21.0005433694028,-36.1264750796531,-30.4124145231932,-30.4124145231932,-1,-1,-1,-1,-0.638089405311125,-2.15068240935256
"25",25,-7.52045042139893,-10.4551655612606,-19.7262022976161,-28.0720341529066,-10.4124145231932,-10.4124145231932,1,1,-1,-1,0.164526572789733,-0.670056710228464
"26",26,-4.24111347532971,-16.0002512213763,22.7993124105268,-10.9695363557093,-30.4124145231932,-30.4124145231932,-1,-1,-1,-1,2.28523558204846,-1.09164926740165
"27",27,-3.53918972179222,-1.24168137167993,18.2960652796075,16.5667366423269,-30.4124145231932,-30.4124145231932,-1,-1,-1,-1,0.555007227367246,0.382074435215123
"28",28,7.94054064936239,5.92191346782927,20.8250258455439,-4.41593014741058,10.4124145231932,30.4124145231932,-1,1,1,1,1.36384761126585,-1.16024811764839
"29",29,19.3964380263439,12.4507036951683,32.4016871716708,31.4356140494758,30.4124145231932,10.4124145231932,1,-1,1,1,-0.0882595459240743,-0.184866854853129
"30",30,-1.82013294682095,4.11267021704921,-11.0269950401939,-12.1301341675069,10.4124145231932,30.4124145231932,-1,1,1,1,-0.119821535117759,-0.230135350306647
"31",31,17.1163908932984,5.18011452142056,25.5032203509522,7.23228698057348,30.4124145231932,10.4124145231932,1,-1,1,1,0.547890250266874,-1.27920299923229
"32",32,-14.4251729082339,-15.4219574385875,-24.8930441534573,-32.8322494867109,-10.4124145231932,-10.4124145231932,1,1,-1,-1,0.379074268372038,-0.414846240353677
"33",33,20.3236289377986,19.8415946064239,33.0595157285584,51.2768745705956,30.4124145231932,10.4124145231932,1,-1,1,1,-0.0405558082414324,1.78118020100976
"34",34,-8.99299644311197,-12.4454423824071,-19.2351248175437,-28.1585110680673,-10.4124145231932,-10.4124145231932,1,1,-1,-1,0.629261663813351,-0.263076937946814
"35",35,-7.9596661106212,-4.24946418098757,-20.7466477598628,-0.666160838959287,-10.4124145231932,-10.4124145231932,1,1,-1,-1,-2.08367127040961,-0.0756226141038611
"36",36,-2.51388210236232,12.0027857543394,-25.0545736382454,4.94545352361078,10.4124145231932,30.4124145231932,-1,1,1,1,-1.76989042566113,1.23011223582594
"37",37,-1.337143110347,-1.69612548289305,-41.4925611198063,-23.8533896236195,30.4124145231932,10.4124145231932,1,-1,1,1,-0.755164788747002,1.00875261098022
"38",38,4.81553245037028,1.51451613438745,41.1743523335473,38.6194557860428,-30.4124145231932,-30.4124145231932,-1,-1,-1,-1,-0.302440051483924,-0.557929602575301
"39",39,-2.281442965759,4.70383530821099,-11.3062154574319,-6.54879958438054,10.4124145231932,30.4124145231932,-1,1,1,1,-0.826063023902774,-0.350321308773268
"40",40,5.48790385347521,-0.86368185738203,-6.10764807687993,-1.04405959737782,30.4124145231932,10.4124145231932,1,-1,1,1,-0.813746658150029,-0.307387880914502
"41",41,1.15069350320326,0.830149343093651,13.0492638239322,11.2366247933993,-10.4124145231932,-10.4124145231932,1,1,-1,-1,-0.088837226420654,-0.270101044744852
"42",42,1.17797706784407,-1.12762557566386,7.67499429562355,3.56989682410628,-10.4124145231932,-10.4124145231932,1,1,-1,-1,0.696185621335855,0.285675975080301
"43",43,-0.561759992523077,-5.88855510083955,10.2351632458715,-4.17109055848972,-10.4124145231932,-10.4124145231932,1,1,-1,-1,0.783795853897836,-0.656829655272662
"44",44,-8.75542333330374,-12.2476652988902,0.24680462119181,-7.79777546204526,-30.4124145231932,-30.4124145231932,-1,-1,-1,-1,-0.591429078626003,-1.39588693003623
"45",45,-2.38834195524801,3.04439442732608,-14.8889436693821,-12.5574340761414,10.4124145231932,30.4124145231932,-1,1,1,1,-1.22766755590723,-0.994516471330392
"46",46,2.39685142671514,-0.540373685962061,-13.4381959835278,-3.35664223435219,30.4124145231932,10.4124145231932,1,-1,1,1,-0.96267869678536,0.045476488629831
"47",47,-16.2902228701065,-15.3871145365156,-23.2105155611984,-22.2530276032853,-30.4124145231932,-30.4124145231932,-1,-1,-1,-1,-0.0689114314661346,0.0268374482100256
"48",48,-14.6439644600005,-6.384518247594,-17.1682912733395,7.54723389246446,-30.4124145231932,-30.4124145231932,-1,-1,-1,-1,-0.375742146387873,2.09581025338486
"49",49,11.5110355172168,1.89278162421277,0.312899267124322,-5.84993040844265,30.4124145231932,10.4124145231932,1,-1,1,1,0.575867237516972,-0.0404157208576424
"50",50,8.52670949491264,4.28059916831537,0.752566623262226,2.92882830210492,30.4124145231932,10.4124145231932,1,-1,1,1,-0.249041442644315,-0.0314154363529161
"51",51,7.12949702283554,11.0236607065797,16.9384524939222,11.3745401438741,10.4124145231932,30.4124145231932,-1,1,1,1,0.580178782465811,0.0237876323803717
"52",52,16.2929002873854,9.14772630525515,19.7541170412174,20.2179448761187,30.4124145231932,10.4124145231932,1,-1,1,1,1.05261645706606,1.09899922055399
"53",53,-2.50540035900843,-0.421879721671568,-22.9434956189719,-30.0441084690533,10.4124145231932,30.4124145231932,-1,1,1,1,0.681847324488335,-0.028214017187204
"54",54,-6.36296080654763,-3.42257952880381,-5.31908415267637,2.27609452678622,-10.4124145231932,-10.4124145231932,1,1,-1,-1,-0.28911031015021,0.470407690526739
"55",55,-10.4777482354973,-9.54979328921964,-4.46858406289962,-2.75752935602768,-30.4124145231932,-30.4124145231932,-1,-1,-1,-1,-0.289063420670057,-0.1179579615145
"56",56,-4.20893757922085,-1.24719552611697,-7.40045957629571,1.54093511963838,-10.4124145231932,-10.4124145231932,1,1,-1,-1,-2.17677724566304,-1.28263760316721
"57",57,-5.24011423263066,-5.5231791719002,-4.29236302285066,-7.38900652245352,-10.4124145231932,-10.4124145231932,1,1,-1,-1,-1.13121841376699,-1.44088278920106
"58",58,-0.182690776799074,5.5840148553053,-12.6133297691849,-15.4567979973495,10.4124145231932,30.4124145231932,-1,1,1,1,-0.765056769280325,-1.0494034379131
"59",59,14.9974912347925,7.46698286570968,17.8304210709223,8.60149677853994,30.4124145231932,10.4124145231932,1,-1,1,1,1.10182981176312,0.178937411628272
"60",60,2.44861474728658,8.34278754402204,-5.51782913059642,-5.48788020941372,10.4124145231932,30.4124145231932,-1,1,1,1,-0.802546983967153,-0.79955199480384
"61",61,-22.7648941912992,-16.31577985587,-70.4276675264305,-48.11318328215,-10.4124145231932,-10.4124145231932,1,1,-1,-1,-2.19349234931491,0.037955966175975
"62",62,-2.86346570772578,3.21413008145357,-17.7433768434375,-16.4436796237683,10.4124145231932,30.4124145231932,-1,1,1,1,-0.573258275780718,-0.443288611812967
"63",63,-6.04558987733815,-6.34904559080286,-17.709318801707,-16.4475458279847,-10.4124145231932,-10.4124145231932,1,1,-1,-1,0.0885701171495475,0.214747332408602
"64",64,-3.93978351091774,-2.22845207804159,6.96548794196172,11.0347585756854,-10.4124145231932,-10.4124145231932,1,1,-1,-1,-0.177312656076193,0.229614456397182
"65",65,21.5897879285039,17.3308866841465,38.0413352281613,43.2862046441341,30.4124145231932,10.4124145231932,1,-1,1,1,-0.933170457850465,-0.408683618104537
"66",66,1.18779851403215,-3.17343772101232,13.6464221352901,-0.283378745819407,-10.4124145231932,-10.4124145231932,1,1,-1,-1,0.540740677048459,-0.852239445277073
"67",67,-7.96293372711577,-4.96259463225022,-13.5913992863481,-0.682822888621823,-10.4124145231932,-10.4124145231932,1,1,-1,-1,-0.485942505618047,0.804915134519522
"68",68,5.14033618751372,7.45649042889763,8.64904726194143,-3.94991720460199,10.4124145231932,30.4124145231932,-1,1,1,1,1.4877753205019,0.227878996755393
"69",69,5.82598157247377,0.811120786890472,11.8181421008342,-29.5217308087419,10.4124145231932,30.4124145231932,-1,1,1,1,1.61792559505204,-2.51606163631053
"70",70,20.2650234627882,13.4834965913545,25.378924039386,22.6999931034329,30.4124145231932,10.4124145231932,1,-1,1,1,0.599013250232129,0.331120218534366
"71",71,-16.0378554564533,-7.95414973947149,-23.9301675172486,4.81320210177847,-30.4124145231932,-30.4124145231932,-1,-1,-1,-1,-0.80414759869844,2.07018950687898
"72",72,-2.88575250074963,-3.13647577934143,23.9870044437159,26.1752778996412,-30.4124145231932,-30.4124145231932,-1,-1,-1,-1,-0.968538772889761,-0.749711264344452
"73",73,8.08144199556154,4.24414989860101,26.5005902725882,11.7085859316755,-10.4124145231932,-10.4124145231932,1,1,-1,-1,1.16853074234761,-0.310669738264324
"74",74,6.67050885336629,8.05790945373013,16.0046826866056,1.58116146819971,10.4124145231932,30.4124145231932,-1,1,1,1,0.364714464685101,-1.07763768518046
"75",75,-4.1246723689448,-1.79037020326655,-23.9822918020135,-38.8634584525989,10.4124145231932,30.4124145231932,-1,1,1,1,-1.2564743993248,-2.74459098547414
"76",76,3.85685636177798,-3.21649146449029,16.9401289096997,-4.42336351230163,-10.4124145231932,-10.4124145231932,1,1,-1,-1,1.16629483567743,-0.970054407284621
"77",77,-1.46158027745834,7.9796278872338,-14.8367658445569,-1.4546036469807,10.4124145231932,30.4124145231932,-1,1,1,1,-0.891214803450755,0.447001446853005
"78",78,2.18430805036273,14.2428669470696,-7.70447370636733,13.8556700165571,10.4124145231932,30.4124145231932,-1,1,1,1,-1.00772588922227,1.14828830017311
"79",79,2.41565573478303,0.456393152433196,-26.5947446525224,-15.6848971562415,30.4124145231932,10.4124145231932,1,-1,1,1,-0.854765618348301,0.236219111831761
"80",80,-7.27649899438988,-12.0028078554457,12.5929596522115,-3.84943879198563,-30.4124145231932,-30.4124145231932,-1,-1,-1,-1,1.13399838002667,-0.510241432164062
"81",81,5.01313789518887,4.27715740193665,-13.147168997014,-0.877912402320385,30.4124145231932,10.4124145231932,1,-1,1,1,-0.825977465359832,0.400948136438921
"82",82,-2.9700327561231,0.17640543092832,4.25173470487111,6.7743788567255,-10.4124145231932,-10.4124145231932,1,1,-1,-1,0.994286407760089,1.2465507294266
"83",83,-0.135390868369919,7.8762580994745,2.11659119399046,24.8591074302871,-10.4124145231932,-10.4124145231932,1,1,-1,-1,0.162561461022456,2.43681306418643
"84",84,12.8288674143827,0.0252984237828908,13.7730553828592,-7.0235413000549,30.4124145231932,10.4124145231932,1,-1,1,1,0.599652288037844,-1.48000741874249
"85",85,-7.94086294478551,-15.2843492502828,1.92216653750262,-23.7605315070824,-30.4124145231932,-30.4124145231932,-1,-1,-1,-1,1.81074074048239,-0.757528973001165
"86",86,-2.97876490108544,-8.09002291408082,16.0452357506918,6.59566747188212,-30.4124145231932,-30.4124145231932,-1,-1,-1,-1,0.680164962051035,-0.264791868831848
"87",87,5.81964432598832,13.6671195154637,13.8358413037096,12.5347586899068,10.4124145231932,30.4124145231932,-1,1,1,1,0.838999781795365,0.708891371508858
"88",88,1.45919328738726,6.47042737097068,-6.39732401967137,-12.0117856926458,10.4124145231932,30.4124145231932,-1,1,1,1,0.990251280553672,0.428804909026248
"89",89,-5.13292790388679,-1.33738984277776,-31.3311481339749,-35.4288186519098,10.4124145231932,30.4124145231932,-1,1,1,1,0.117557047194542,-0.292210207829639
"90",90,8.60600188139869,7.71676681949396,-7.96060919527717,15.4241446017758,30.4124145231932,10.4124145231932,1,-1,1,1,-0.569897463763073,1.76857795231201
"91",91,6.03095674698128,2.51981235450767,-8.38854892900475,-2.13721154050456,30.4124145231932,10.4124145231932,1,-1,1,1,-0.763671394293416,-0.138537657827332
"92",92,-1.85316744174305,-0.170858170720036,-32.903335731431,-14.9677768281157,30.4124145231932,10.4124145231932,1,-1,1,1,-1.13406222978829,0.659493859073052
"93",93,-4.09189412320439,-2.78078634404906,11.0899523607999,11.4509328323269,-10.4124145231932,-10.4124145231932,1,1,-1,-1,-0.449353880236567,-0.41325579766617
"94",94,-2.71350504695369,-7.45119318030115,2.984713127167,-19.2587404570217,-10.4124145231932,-10.4124145231932,1,1,-1,-1,0.358223897402689,-1.86612141634889
"95",95,6.32296020501837,2.29702410876439,-4.85636187106574,1.47752334707105,30.4124145231932,10.4124145231932,1,-1,1,1,-0.270470806572682,0.362917897287647
"96",96,0.308785097755186,4.09146467849826,-10.5968932109554,-12.8236077319897,10.4124145231932,30.4124145231932,-1,1,1,1,-0.424177301351088,-0.646848717244233
"97",97,-1.6972693164241,-9.77641436033989,-26.1522623761513,-39.1410343027211,30.4124145231932,10.4124145231932,1,-1,1,1,-0.312421497617141,-1.61129863157602
"98",98,-7.83863241641848,-10.5581810230551,-0.476287722356664,-9.6567865279636,-30.4124145231932,-30.4124145231932,-1,-1,-1,-1,0.67584778675181,-0.242202323169173
"99",99,-8.48187355018598,-9.16842476497386,3.51620160243131,0.371687333066531,-30.4124145231932,-30.4124145231932,-1,-1,-1,-1,0.587602626158316,0.273151099689302
"100",100,5.5878292395862,6.15258246882608,5.68971867055434,-13.4365745913753,10.4124145231932,30.4124145231932,-1,1,1,1,-1.03463081706758,-2.94726008474536
"101",101,-7.15087489760802,-4.59990989141282,-4.66818024921893,-2.4381717378249,-10.4124145231932,-10.4124145231932,1,1,-1,-1,1.30081917897965,1.52381999240305
"102",102,-6.24655845786387,-0.461449452008749,-9.17782512630286,10.6542184216277,-10.4124145231932,-10.4124145231932,1,1,-1,-1,-1.20982121376736,0.773383016210544
"103",103,-9.35728811558395,-13.3392055841706,-20.0284352373448,-30.8095863321486,-10.4124145231932,-10.4124145231932,1,1,-1,-1,1.14067169218886,0.0625566506025472
"104",104,10.9504014944776,9.78296180034405,37.3413495681077,32.3898644540355,-10.4124145231932,-10.4124145231932,1,1,-1,-1,0.843528487564819,0.348379978691067
"105",105,-27.7948092547776,-16.1331745238945,-61.3449441957888,-22.0865930180922,-30.4124145231932,-30.4124145231932,-1,-1,-1,-1,-3.65930706151929,0.266528078934119
"106",106,0.893174319417174,5.00592505759819,-2.76296141942519,-16.0025176246728,10.4124145231932,30.4124145231932,-1,1,1,1,0.142154723259504,-1.18180092777609
"107",107,-11.9214702634594,-9.63390400465049,-6.52525906355892,-1.53778235651148,-30.4124145231932,-30.4124145231932,-1,-1,-1,-1,0.339901056026865,0.838648752577321
"108",108,6.41851642272904,7.27903676101216,9.76323188794754,-6.64983940618226,10.4124145231932,30.4124145231932,-1,1,1,1,0.432397202577616,-1.20890985688512
"109",109,4.02253507480588,4.17690189542093,24.0203922299243,19.1688072788126,-10.4124145231932,-10.4124145231932,1,1,-1,-1,0.866564026033197,0.381405562762346
"110",110,-2.3311730403578,1.75971396457017,-18.0233314165589,-18.4842548480158,10.4124145231932,30.4124145231932,-1,1,1,1,-0.229215508156102,-0.275307955884287
"111",111,-4.61148902651569,-8.98667916861961,-1.06691277608572,-28.3450116181401,-10.4124145231932,-10.4124145231932,1,1,-1,-1,1.24667164626365,-1.48113833792587
"112",112,-8.13689763278072,-12.8066753527522,3.06657268444482,-12.3991280600031,-30.4124145231932,-30.4124145231932,-1,-1,-1,-1,1.95536829602877,0.408798281607074
"113",113,-7.79881123544025,-0.772696399169171,-16.0098116717976,11.8760136728078,-10.4124145231932,-10.4124145231932,1,1,-1,-1,-2.22260877233885,0.565973797370461
"114",114,15.5583642721907,16.2340211505558,25.9138047069501,37.4470840189934,30.4124145231932,10.4124145231932,1,-1,1,1,-0.536285217849739,0.617042800137031
"115",115,-7.00355417163697,-14.4584770133358,4.40222377911579,-17.0661939863917,-30.4124145231932,-30.4124145231932,-1,-1,-1,-1,0.815067766659376,-1.33177408763195
"116",116,1.10388507599337,5.73150966382883,-18.9034717830634,-19.5485079149028,10.4124145231932,30.4124145231932,-1,1,1,1,0.413276240007936,0.348772739791528
"117",117,1.58110685957877,4.94005508252278,14.5379088659908,28.6883597356376,-10.4124145231932,-10.4124145231932,1,1,-1,-1,-0.759168481713536,0.655876607924142
"118",118,-11.0524157811601,-6.53903365509851,-21.548075560504,-14.9062275729687,-10.4124145231932,-10.4124145231932,1,1,-1,-1,-0.572160105659599,0.0920248690228364
"119",119,1.44514324911052,-2.0651713780107,-27.9538033033536,-10.3043896400682,30.4124145231932,10.4124145231932,1,-1,1,1,0.0256145560832022,1.79055587458377
"120",120,23.3095106818654,19.1152163355087,47.6401081815904,49.0078933768606,30.4124145231932,10.4124145231932,1,-1,1,1,-0.342105716335661,-0.205327204725757
"121",121,7.44634468323076,11.9862201126193,22.9133397377242,17.7978763285338,10.4124145231932,30.4124145231932,-1,1,1,1,0.907843651903434,0.396297258903541
"122",122,2.94391998472265,1.57038978355714,-16.9638306692157,3.46016756312329,30.4124145231932,10.4124145231932,1,-1,1,1,-1.3049255628569,0.737474124322929
"123",123,-18.6414849778219,-14.9949480613303,-45.4207335206764,-37.2459951286292,-10.4124145231932,-10.4124145231932,1,1,-1,-1,-1.23361198368164,-0.416138102204855
"124",124,-2.45353841615699,-1.72574492241948,-13.004369565633,-31.8602450276748,10.4124145231932,30.4124145231932,-1,1,1,1,1.38014198404688,-0.505445564297072
"125",125,4.511388425386,-5.26525612152079,-10.2674576131764,-24.8563124666931,30.4124145231932,10.4124145231932,1,-1,1,1,0.661381289510196,-0.79750424869198
"126",126,16.4465709044468,8.3307575526566,26.0975546595267,17.2008680711323,30.4124145231932,10.4124145231932,1,-1,1,1,1.0523275940695,0.162658822765935
"127",127,12.6036546342956,10.5006161978296,3.28964313928385,19.5318337268249,30.4124145231932,10.4124145231932,1,-1,1,1,-0.126541039296505,1.49767788802588
"128",128,19.1225463815124,5.09125625861019,23.9789054688293,4.43800634459618,30.4124145231932,10.4124145231932,1,-1,1,1,0.746394155552308,-1.20769567752778
"129",129,13.7335319331056,9.16143061233058,52.0539729186589,46.0035845059715,-10.4124145231932,-10.4124145231932,1,1,-1,-1,1.32233837964856,0.717299578495685
"130",130,-14.5278692121152,-13.409056079274,-17.0777644793165,-12.8802622773256,-30.4124145231932,-30.4124145231932,-1,-1,-1,-1,-1.1257311938763,-0.705980856183719
"131",131,-7.79964545511717,-14.2158712016345,-16.4594012664233,-26.9523702833791,-10.4124145231932,-10.4124145231932,1,1,-1,-1,2.22345233572151,1.17415542400898
"132",132,-11.8069759905299,-6.41485170991391,-10.5851080803394,7.48693864531714,-30.4124145231932,-30.4124145231932,-1,-1,-1,-1,-1.70481975531582,0.102384909560385
"133",133,4.51989633206671,1.57830720230204,-13.9339437861675,-9.58938350304849,30.4124145231932,10.4124145231932,1,-1,1,1,0.0736719167210892,0.508127989611379
"134",134,0.242189770763932,1.14996764240548,4.13890223114911,9.65253373396835,-10.4124145231932,-10.4124145231932,1,1,-1,-1,-0.708753785723491,-0.157390604118646
"135",135,9.13726611422713,-1.63541326601222,5.60601889345429,-9.03390816295126,30.4124145231932,10.4124145231932,1,-1,1,1,1.18403432521961,-0.279958406595709
"136",136,3.46250081612395,-6.01459156712807,49.1876609516652,12.7157228521345,-30.4124145231932,-30.4124145231932,-1,-1,-1,-1,1.80389127625937,-1.84330242857167
"137",137,19.2576543868394,8.43732541342322,31.2367118175644,10.8330087421334,30.4124145231932,10.4124145231932,1,-1,1,1,2.13256525516774,0.0921950114905342
"138",138,16.0343614557318,14.336853295886,34.553543007103,12.5344978505229,10.4124145231932,30.4124145231932,-1,1,1,1,1.40313984147339,-0.798764807368381
"139",139,17.7836575387845,9.68087891061266,26.704515871058,15.3806216380419,30.4124145231932,10.4124145231932,1,-1,1,1,0.435067145255912,-0.697322098797238
"140",140,13.4985103670204,12.6052560884827,14.0210898693301,32.759485071001,30.4124145231932,10.4124145231932,1,-1,1,1,0.603245932544412,2.47708556718794
"141",141,2.76380267475672,9.12953465997642,36.9466308395427,58.5421827724985,-30.4124145231932,-30.4124145231932,-1,-1,-1,-1,0.0755488924931552,2.23510415837324
"142",142,-2.04641965441703,-1.43443544143376,1.49240774464296,12.5893935832893,-10.4124145231932,-10.4124145231932,1,1,-1,-1,-0.831212850390105,0.278485904958979
"143",143,-3.27601771330921,-8.28490298591935,-3.12523891491835,-21.3143633990984,-10.4124145231932,-10.4124145231932,1,1,-1,-1,1.02496076931045,-0.793951885899892
"144",144,10.8994828486736,6.72477722603818,1.74661625437553,5.42723432163067,30.4124145231932,10.4124145231932,1,-1,1,1,0.760467817264036,1.12852971152668
"145",145,-5.70525261450203,5.32594104277148,-29.0000232201718,-24.1546186994346,10.4124145231932,30.4124145231932,-1,1,1,1,0.421115932902537,0.905656500658817
"146",146,0.581199477930089,3.36056277223504,12.4726602510975,22.9899404300016,-10.4124145231932,-10.4124145231932,1,1,-1,-1,-0.543047389180291,0.5086806555859
"147",147,-7.48017222509684,-7.64567236217108,0.945211653254829,2.74668339044233,-30.4124145231932,-30.4124145231932,-1,-1,-1,-1,0.216990761830157,0.397137999507381
"148",148,6.21155870483939,6.7074133291088,29.4626038220229,37.645677456463,-10.4124145231932,-10.4124145231932,1,1,-1,-1,0.289548717032808,1.10785588348177
"149",149,12.3170989074139,4.58729703506018,14.1751649760817,9.09253680063923,30.4124145231932,10.4124145231932,1,-1,1,1,0.120142846634882,-0.388119803652122
"150",150,-10.6073999179002,-15.2647226760974,2.60576672881834,-16.7267781098612,-30.4124145231932,-30.4124145231932,-1,-1,-1,-1,0.784364302343705,-1.14889024473807
"151",151,10.6953723470638,3.19052026663418,4.23492416052985,-5.73114256636385,30.4124145231932,10.4124145231932,1,-1,1,1,0.178466802987269,-0.818139724827993
"152",152,20.0405916821885,16.6354939328402,33.5821421642236,47.4373074602223,30.4124145231932,10.4124145231932,1,-1,1,1,0.480186632563963,1.86570313283871
"153",153,4.10122167437398,8.53841120521185,1.21295589454266,4.41254542325444,10.4124145231932,30.4124145231932,-1,1,1,1,1.11588955286301,1.4358483149279
"154",154,2.2247174093711,5.02936181138495,13.8659629996566,24.8699336610238,-10.4124145231932,-10.4124145231932,1,1,-1,-1,-0.532043278991543,0.568353872698958
"155",155,-10.6429796021021,-7.24125473686653,-1.33090081660755,3.24103902042278,-30.4124145231932,-30.4124145231932,-1,-1,-1,-1,-0.184956885981824,0.272237154505813
"156",156,8.12240680526284,-1.06730661255008,-1.41048813930967,-10.030861737619,30.4124145231932,10.4124145231932,1,-1,1,1,1.08185840994853,0.219820998159179
"157",157,10.7959177099157,2.33343148013933,2.09285065040877,-4.8441849285927,30.4124145231932,10.4124145231932,1,-1,1,1,0.712523804393978,0.0188200847652936
"158",158,5.22948953281326,-5.78691795369924,-22.9452465273815,-38.5998032672171,30.4124145231932,10.4124145231932,1,-1,1,1,0.59483927120368,-0.970616351079786
"159",159,7.70387697510511,7.13545987206123,14.0803894333658,-3.55503870342527,10.4124145231932,30.4124145231932,-1,1,1,1,1.9059532957463,0.142410379213435
"160",160,-8.31933612009477,-12.6729311749005,-22.3019210920327,-35.1050714408815,-10.4124145231932,-10.4124145231932,1,1,-1,-1,-0.452506299707127,-1.7328213458267
"161",161,7.67654887516068,15.7670132560947,17.4513972442772,23.9273478278661,10.4124145231932,30.4124145231932,-1,1,1,1,-0.0120693469892931,0.635525712252563
"162",162,12.9043500387246,13.821134834894,33.5197545982331,17.3283157961413,10.4124145231932,30.4124145231932,-1,1,1,1,1.32982995139569,-0.289313818552204
"163",163,3.71293970934,6.9826047900244,25.4507099792219,40.1710862505052,-10.4124145231932,-10.4124145231932,1,1,-1,-1,0.389143164141459,1.86118105687638
"164",164,6.86175513068575,5.88375506775486,9.71730328326663,-4.03066981187136,10.4124145231932,30.4124145231932,-1,1,1,1,0.769628705774141,-0.605168511265281
"165",165,-11.8791385392016,-10.7333704243788,-14.0320897029316,-13.7546630128808,-30.4124145231932,-30.4124145231932,-1,-1,-1,-1,-0.242782888804869,-0.215040248903688
"166",166,-3.10796885303398,1.83871335910675,18.1887503824854,37.9958375933996,-30.4124145231932,-30.4124145231932,-1,-1,-1,-1,-0.583936621400824,1.3967721672322
"167",167,-6.53582415776307,-7.18094464522912,-12.572104625688,-9.90907556743163,-10.4124145231932,-10.4124145231932,1,1,-1,-1,0.708740554479733,0.975043300045809
"168",168,-5.61383913028821,-1.43488014791733,-8.0705982956001,5.55470564930771,-10.4124145231932,-10.4124145231932,1,1,-1,-1,-0.697044821141669,0.665485756781973
"169",169,-10.9855933495035,-10.6418498336479,-12.2378177779413,-13.0342227803781,-30.4124145231932,-30.4124145231932,-1,-1,-1,-1,0.474331423622199,0.394690921267782
"170",170,10.9581130917172,1.34888020139427,-0.222208006486341,-10.7408568347634,30.4124145231932,10.4124145231932,1,-1,1,1,1.50883265781672,0.456967754813394
"171",171,15.1581447354372,9.2626420196016,21.6678623595664,23.1675802162221,30.4124145231932,10.4124145231932,1,-1,1,1,0.266158527796642,0.416130294443279
"172",172,-5.28603974884709,1.35633151760666,-5.43980931530097,11.2308458971881,-10.4124145231932,-10.4124145231932,1,1,-1,-1,-0.17561792184447,1.49144757288265
"173",173,-6.31023234669787,-8.6718955134457,1.60175197474577,0.846665565826649,-30.4124145231932,-30.4124145231932,-1,-1,-1,-1,-0.597489210575165,-0.672997801447431
"174",174,13.3997943255645,6.01049097716782,16.2962317198805,14.6402099743716,30.4124145231932,10.4124145231932,1,-1,1,1,0.29151371856586,0.125911493784431
"175",175,-13.0526513184348,-3.48768130716072,-11.6278848066981,17.4408480757331,-30.4124145231932,-30.4124145231932,-1,-1,-1,-1,-1.13704928119457,1.76982385440498
"176",176,-4.38120273055033,-0.719456002406467,-9.59849948878099,3.7466807025048,-10.4124145231932,-10.4124145231932,1,1,-1,-1,-0.772191381289421,0.562326419990458
"177",177,13.867494298342,16.68003850217,38.2737353042115,27.7712177693994,10.4124145231932,30.4124145231932,-1,1,1,1,1.46752167844063,0.417269939741739
"178",178,-0.209365219833322,-3.32687596232802,15.3271706987108,4.70643024797831,-10.4124145231932,-10.4124145231932,1,1,-1,-1,0.593178652527995,-0.468895341526817
"179",179,16.8056507825981,16.3944274176064,28.8692869358458,45.9400921906923,30.4124145231932,10.4124145231932,1,-1,1,1,-1.37052705929589,0.336553567568813
"180",180,-7.99763662484535,-2.80743343221289,4.9033440270831,21.1069014419144,-30.4124145231932,-30.4124145231932,-1,-1,-1,-1,-0.243944881931813,1.37641084629388
"181",181,-6.92335804576278,-11.256520543663,2.40264693136684,-16.5886172855042,-30.4124145231932,-30.4124145231932,-1,-1,-1,-1,0.898357131724687,-1.00076943202554
"182",182,10.8229099796189,17.6600823941748,24.1857857014066,31.1850493953149,10.4124145231932,30.4124145231932,-1,1,1,1,0.484327553156677,1.18425383403413
"183",183,30.4610824925847,24.1070873479135,69.4485187376052,63.5554782393162,30.4124145231932,10.4124145231932,1,-1,1,1,1.99653101300438,1.40722706461351
"184",184,-0.0260605942013634,-1.88710001687358,32.1802238564583,29.9785784392488,-30.4124145231932,-30.4124145231932,-1,-1,-1,-1,0.00674173937977886,-0.213422912153503
"185",185,3.80563128815012,10.7851903867879,10.9368104978114,7.82571662746155,10.4124145231932,30.4124145231932,-1,1,1,1,1.58351649812588,1.27240695866094
"186",186,13.6330137345201,15.2183102996106,30.368709447037,22.0429536373215,10.4124145231932,30.4124145231932,-1,1,1,1,-0.0180347234015179,-0.850610169374214
"187",187,-14.0360734231577,-12.0042387657691,-18.4306077209607,-14.5568532221472,-30.4124145231932,-30.4124145231932,-1,-1,-1,-1,-0.190766063854139,0.196609468448694
"188",188,-3.59572984555633,-4.59810631706539,2.28052816438923,-6.95996937630328,-10.4124145231932,-10.4124145231932,1,1,-1,-1,0.206715904258233,-0.717333737806219
"189",189,6.51361850479715,9.3731458701614,31.748635360864,38.584928198181,-10.4124145231932,-10.4124145231932,1,1,-1,-1,0.604348543760375,1.28797771815838
"190",190,-2.26244711138691,1.54042322202121,2.65669025859276,14.3546053505519,-10.4124145231932,-10.4124145231932,1,1,-1,-1,-0.82296072923774,0.346830828450555
"191",191,2.2155682029786,-2.00452911035227,17.6039235518634,0.949104447859866,-10.4124145231932,-10.4124145231932,1,1,-1,-1,1.18500808747727,-0.480473575005947
"192",192,-18.2811426651023,-23.2352572319463,-30.8435248746329,-39.4883641753743,-30.4124145231932,-30.4124145231932,-1,-1,-1,-1,-0.442501810242934,-1.30698585984752
"193",193,3.91876171688432,-2.57797841917432,25.4872058563437,4.43555596760987,-10.4124145231932,-10.4124145231932,1,1,-1,-1,0.837939848838376,-1.26722517591354
"194",194,9.69075711664453,7.39028646043473,9.49445044710096,15.8636235568447,30.4124145231932,10.4124145231932,1,-1,1,1,-0.00719123388001011,0.629726017784379
"195",195,-18.1562721478119,-12.0891868882836,-44.3204197526016,-27.9945222127014,-10.4124145231932,-10.4124145231932,1,1,-1,-1,-1.25420367325924,0.378385966152215
"196",196,-7.80158837269178,-1.11578815259263,-16.8815487825481,5.69974332063504,-10.4124145231932,-10.4124145231932,1,1,-1,-1,-0.735226747011158,1.52290241821009
"197",197,30.1037995379087,20.3388894089534,65.5474690863349,52.4105263231628,30.4124145231932,10.4124145231932,1,-1,1,1,0.7177403973857,-0.595953986693888
"198",198,-16.9858559748147,-15.6728181111316,-32.2091842164116,-26.9378186425264,-30.4124145231932,-30.4124145231932,-1,-1,-1,-1,-1.16130206268676,-0.634165534816346
"199",199,2.52407341304804,-3.4377860616507,20.1929829957161,2.11379856901229,-10.4124145231932,-10.4124145231932,1,1,-1,-1,0.215971678575809,-1.59194664722226
"200",200,-6.62720699043204,1.12823882159687,-30.774907048902,-20.9282576122414,10.4124145231932,30.4124145231932,-1,1,1,1,-0.453352433740637,0.531312584243431
"201",201,16.77164498653,12.1646331855283,23.720234559338,27.9645519731379,30.4124145231932,10.4124145231932,1,-1,1,1,-0.32850980804137,0.095921869577266
"202",202,-6.33561373327696,-6.6977142226176,-3.98229734938973,-3.92585894132844,-10.4124145231932,-10.4124145231932,1,1,-1,-1,0.127343858263857,0.132987643528819
"203",203,4.41947569293841,9.92417626592546,9.85411630272103,9.40986014047476,10.4124145231932,30.4124145231932,-1,1,1,1,0.361411270589232,0.31698564899912
"204",204,6.96131717027451,16.9908447137245,13.9193617060863,25.0642750775445,10.4124145231932,30.4124145231932,-1,1,1,1,-1.10458057396282,0.00991067318547439
"205",205,-13.0247740898486,-20.2907306849155,-9.24060471363729,-29.4773783987313,-30.4124145231932,-30.4124145231932,-1,-1,-1,-1,0.804832735187999,-1.21884462003811
"206",206,22.1787285171902,14.2274007381777,38.251470431828,34.6528797856932,30.4124145231932,10.4124145231932,1,-1,1,1,0.27672711382919,-0.0831318888630838
"207",207,-1.8271508293396,6.30772727549632,-22.3325625242424,-12.8480763086817,10.4124145231932,30.4124145231932,-1,1,1,1,-0.653125266879202,0.29532324894433
"208",208,3.36786830499346,0.677501196642658,-13.0638821240149,-1.84362602752079,30.4124145231932,10.4124145231932,1,-1,1,1,-0.533183956247457,0.58884177412585
"209",209,5.73461491670884,-10.6234170088417,-11.3249963902237,-39.1834195260183,30.4124145231932,10.4124145231932,1,-1,1,1,1.73815880913029,-1.04768346142456
"210",210,-0.925692343607205,0.423754251332259,13.4629470300691,16.5670848534325,-10.4124145231932,-10.4124145231932,1,1,-1,-1,0.218147974997512,0.528561852250041
"211",211,-11.2421114918821,-17.6986108616366,4.22936043136183,-17.232006289946,-30.4124145231932,-30.4124145231932,-1,-1,-1,-1,0.890308065824909,-1.25582857507173
"212",212,0.512375779982217,-2.00879052020186,18.3240724482917,6.64663374776959,-10.4124145231932,-10.4124145231932,1,1,-1,-1,0.615293670312344,-0.552450217623408
"213",213,-0.162620700930168,-4.08633779260102,5.26610009006604,-4.08245219841679,-10.4124145231932,-10.4124145231932,1,1,-1,-1,-0.22604468211734,-1.16089974739883
"214",214,-14.3143222312712,-12.2978282358436,-18.7123531992214,-5.32460141165415,-30.4124145231932,-30.4124145231932,-1,-1,-1,-1,-0.354350892084014,0.984424366581814
"215",215,-6.7808462279184,-11.922609038876,10.6138174631225,-7.51393563826404,-30.4124145231932,-30.4124145231932,-1,-1,-1,-1,0.178899943289202,-1.63387531278209
"216",216,9.58862641569019,5.75194815040425,6.10205919906588,1.86944236184311,30.4124145231932,10.4124145231932,1,-1,1,1,0.275026516932668,-0.1482350978358
"217",217,-3.54787054108747,0.517540091815143,24.9182771259958,34.6771256860138,-30.4124145231932,-30.4124145231932,-1,-1,-1,-1,-0.128779743726818,0.847105206807022
"218",218,2.34411348744404,7.85945363281063,5.89245616142224,2.71681213503406,10.4124145231932,30.4124145231932,-1,1,1,1,-0.563594302596524,-0.8811587082512
"219",219,-24.6049500144578,-13.8807264029334,-43.5782096768342,-12.3018284414656,-30.4124145231932,-30.4124145231932,-1,-1,-1,-1,-1.36036243834651,1.76727564966351
"220",220,-14.2992876113472,-9.23761923976747,-15.4485635552138,-4.12361445770019,-30.4124145231932,-30.4124145231932,-1,-1,-1,-1,-0.990916418971013,0.141578567113126
"221",221,9.65917342354677,1.21519766944356,2.34316511316824,-10.1552813637011,30.4124145231932,10.4124145231932,1,-1,1,1,0.471928685441332,-0.777915953812509
"222",222,1.30124935001618,-5.30411824961885,-30.2816110941854,-25.137691686525,30.4124145231932,10.4124145231932,1,-1,1,1,-1.60530718620379,-1.09091517745532
"223",223,12.6326362953615,7.81875425630001,14.2342210639756,14.3321050617487,30.4124145231932,10.4124145231932,1,-1,1,1,-0.360965288828901,-0.351176873851964
"224",224,13.1395761356939,9.94808996061371,51.1711371797052,43.4259532944336,-10.4124145231932,-10.4124145231932,1,1,-1,-1,1.73193976419965,0.957421333883233
"225",225,-12.2467455038113,-14.2179880812746,0.972953084474506,-10.5452782650876,-30.4124145231932,-30.4124145231932,-1,-1,-1,-1,1.43377252863106,0.281949347282277
"226",226,3.04432435068313,12.3912058872242,2.85188665820735,12.5894577664039,10.4124145231932,30.4124145231932,-1,1,1,1,-1.89799213659895,-0.924235195516932
"227",227,5.44949105345833,7.32954015803544,-8.8687078838357,9.91220327108758,30.4124145231932,10.4124145231932,1,-1,1,1,0.0533260156858783,1.93141715288501
"228",228,22.0748890198076,14.7162199249526,45.8572965595951,42.5469421597411,30.4124145231932,10.4124145231932,1,-1,1,1,0.568878618936869,0.237843145523331
"229",229,-19.7977878396925,-22.9397624587285,-36.6599819011428,-42.2255225998239,-30.4124145231932,-30.4124145231932,-1,-1,-1,-1,-0.494040064535219,-1.05059408293813
"230",230,-0.628209710270999,-5.57002022781128,35.8975431837584,18.2505860936375,-30.4124145231932,-30.4124145231932,-1,-1,-1,-1,0.562591856915725,-1.20210387083316
"231",231,1.11263976594566,2.37420948281387,10.9558288721652,20.8411848715536,-10.4124145231932,-10.4124145231932,1,1,-1,-1,-0.27722285725993,0.711312778291235
"232",232,12.5430011384955,0.118283187996589,12.4272095381011,-5.55281521525219,30.4124145231932,10.4124145231932,1,-1,1,1,2.02150244948701,0.223499992888408
"233",233,-4.82313272077291,8.32194856651017,14.3517810121321,63.3821280126762,-30.4124145231932,-30.4124145231932,-1,-1,-1,-1,-1.68185693982408,3.22117788426035
"234",234,-0.213622692805865,-7.5704629697529,10.9081221657139,-11.6733578292756,-10.4124145231932,-10.4124145231932,1,1,-1,-1,2.88162533015035,0.623477421980313
"235",235,5.68037282538056,0.432701163026463,43.4901464738512,35.8595528343784,-30.4124145231932,-30.4124145231932,-1,-1,-1,-1,2.14709434103954,1.38403499387389
"236",236,-26.6230990487274,-24.5879899566647,-59.066538543004,-47.3897030479515,-30.4124145231932,-30.4124145231932,-1,-1,-1,-1,-1.16570270985475,0.00198067047477973
"237",237,16.770657022236,9.23995137848529,33.9587071641106,17.7142082575884,30.4124145231932,10.4124145231932,1,-1,1,1,2.07301174224428,0.448561855144969
"238",238,4.78951560243468,11.8333340047491,8.80296208527229,14.8346353008181,10.4124145231932,30.4124145231932,-1,1,1,1,0.279670909499225,0.882838268698907
"239",239,-2.65323580843407,4.19189540294041,-28.3889254057164,-18.9406251459997,10.4124145231932,30.4124145231932,-1,1,1,1,-0.469182921482721,0.475647187215831
"240",240,-17.543544041947,-18.6390434185913,-26.2514608035762,-26.6472419842086,-30.4124145231932,-30.4124145231932,-1,-1,-1,-1,1.41376963385318,1.37419159536543
"241",241,-5.7322446124518,-2.62267824282197,-29.3793259805948,-38.1001315804695,10.4124145231932,30.4124145231932,-1,1,1,1,-0.0764643956945977,-0.948544939384728
"242",242,-8.32200559001596,-8.48443398715215,9.35587113667425,6.0789141760705,-30.4124145231932,-30.4124145231932,-1,-1,-1,-1,-1.07697467151133,-1.40467031334187
"243",243,9.2646215507553,8.56609019179477,-0.172806864242371,14.7901356023889,30.4124145231932,10.4124145231932,1,-1,1,1,-0.244453487502702,1.25184081109947
"244",244,5.98546709740226,11.119708541398,8.41977572143835,7.17929769687386,10.4124145231932,30.4124145231932,-1,1,1,1,-0.556674516216975,-0.680722235231762
"245",245,-18.7980018871664,-18.931797773756,-21.8695593940159,-20.3625221505778,-30.4124145231932,-30.4124145231932,-1,-1,-1,-1,-0.757393337476083,-0.606689549265712
"246",246,13.1441778735159,5.88242925535687,17.8188043047715,-12.7367901115635,10.4124145231932,30.4124145231932,-1,1,1,1,2.00845771792142,-1.04710181027765
"247",247,14.5443490176257,8.17220592156322,21.7286653463139,15.5148507111629,30.4124145231932,10.4124145231932,1,-1,1,1,0.410574336423661,-0.210807057778669
"248",248,3.22459635205326,1.34190263357386,-2.93904634446806,-27.9349671160646,10.4124145231932,30.4124145231932,-1,1,1,1,1.32628858297166,-1.17330348017369
"249",249,8.55385269422361,3.36272777294875,-4.13741629099207,-13.613203823908,30.4124145231932,10.4124145231932,1,-1,1,1,1.79193579003063,0.844357087496803
"250",250,-10.4227304306304,-15.3907883481462,-10.7470999383389,-23.1178318415326,-30.4124145231932,-30.4124145231932,-1,-1,-1,-1,-0.14049406126633,-1.37756715607113
"251",251,-7.3894062524129,-6.02519597530862,13.8373922398798,3.68040340712048,-30.4124145231932,-30.4124145231932,-1,-1,-1,-1,0.719686112346236,-0.296012594628603
"252",252,10.4151462376311,6.64154735067929,-0.864860692472791,9.71963462399538,30.4124145231932,10.4124145231932,1,-1,1,1,-0.531890342224845,0.526559238415294
"253",253,-8.05365198609416,-17.4303185046975,-54.4397607453405,-63.4523809316059,30.4124145231932,10.4124145231932,1,-1,1,1,-0.0945289180647012,-0.995790881171217
"254",254,-2.22808347558866,-3.93240858363549,3.02622736068361,-3.14097064452834,-10.4124145231932,-10.4124145231932,1,1,-1,-1,1.81068413383849,1.19396411100391
"255",255,8.99356626296374,5.7723378012461,1.53329243091645,8.42597482500983,30.4124145231932,10.4124145231932,1,-1,1,1,0.461331869244114,1.15060007178033
"256",256,4.71751485510623,7.96082112522555,23.9865798734111,32.9137032610867,-10.4124145231932,-10.4124145231932,1,1,-1,-1,0.725606346063234,1.61831887712601
"257",257,-4.80688694543388,-0.897943083329095,-31.0520748455568,-29.5127063775909,10.4124145231932,30.4124145231932,-1,1,1,1,-0.471030427993935,-0.317093552364719
"258",258,-2.1049927590368,-2.5098654179581,24.8389234985,21.5227466910477,-30.4124145231932,-30.4124145231932,-1,-1,-1,-1,1.15256474037835,0.820946907266209
"259",259,7.63453869006885,16.3802157606186,11.4836816025846,24.0873585386013,10.4124145231932,30.4124145231932,-1,1,1,1,-0.666708545780091,0.593659264701844
"260",260,13.5973622964853,4.79386056039628,16.3295371025015,11.3197994213867,30.4124145231932,10.4124145231932,1,-1,1,1,0.541943136231144,0.0409694233893721
"261",261,-1.81741142201076,-10.0185222800576,23.0298460111161,2.95545704791832,-30.4124145231932,-30.4124145231932,-1,-1,-1,-1,0.920712050707775,-1.08672678977463
"262",262,3.29596187546878,2.77343561205342,20.2407287586104,24.745281793654,-10.4124145231932,-10.4124145231932,1,1,-1,-1,-0.466058639380859,-0.015603253322018
"263",263,-8.37782362377228,-5.74535498559245,-9.8667379144072,-3.48098575517817,-10.4124145231932,-10.4124145231932,1,1,-1,-1,-0.304396062787947,0.334179159099057
"264",264,9.11839515772158,14.4850213706318,19.4091534112851,18.9009155817158,10.4124145231932,30.4124145231932,-1,1,1,1,0.526500970654964,0.475677161074072
"265",265,10.851097424336,18.0696273029076,31.2519580168657,28.8372716691508,10.4124145231932,30.4124145231932,-1,1,1,1,0.85368373828672,0.612215112564404
"266",266,-10.1999259636622,-15.3043609418173,-22.8795129008909,-37.8187051575734,-10.4124145231932,-10.4124145231932,1,1,-1,-1,0.545983157199349,-0.947936051902407
"267",267,9.38207353707648,12.9689828064109,24.8116249779726,14.8348738685543,10.4124145231932,30.4124145231932,-1,1,1,1,2.00052945009559,1.00285442071341
"268",268,-11.1814118884114,-8.25715447206793,-19.351988569783,-15.0905474899009,-10.4124145231932,-10.4124145231932,1,1,-1,-1,-0.130838728604015,0.295305467465099
"269",269,-18.9632709569205,-9.8671821604852,-23.2587866302531,-7.49720294097457,-30.4124145231932,-30.4124145231932,-1,-1,-1,-1,-1.70958281392004,-0.133424508476691
"270",270,-20.8630742717537,-19.6254904349062,-31.1981623897874,-30.2573974348611,-30.4124145231932,-30.4124145231932,-1,-1,-1,-1,0.272221022360176,0.366297576882547
"271",271,-0.489368093665039,-1.90404908440869,12.1077348393814,0.993167349773508,-10.4124145231932,-10.4124145231932,1,1,-1,-1,-0.154042841299574,-1.26549965950246
"272",272,-4.15701970630605,-6.9265386194374,20.2004603395144,6.69160339981451,-30.4124145231932,-30.4124145231932,-1,-1,-1,-1,1.17836283028202,-0.172522765231843
"273",273,-10.286444620109,-10.5864640907108,-2.19143122896401,-3.96832837092217,-30.4124145231932,-30.4124145231932,-1,-1,-1,-1,-0.265477307217305,-0.443166998984742
"274",274,-3.35281421085844,-4.47497622996058,20.6842977008291,20.1067979005946,-30.4124145231932,-30.4124145231932,-1,-1,-1,-1,-1.66629230269464,-1.72404230263451
"275",275,20.5526946419713,10.4720729483834,34.2469981194886,24.9348903337309,30.4124145231932,10.4124145231932,1,-1,1,1,1.09389272391236,0.162682121773256
"276",276,-14.5210503162604,-7.18032374882876,-35.0152628964528,-9.96021168666627,-10.4124145231932,-10.4124145231932,1,1,-1,-1,-1.34590945503654,1.1595957312439
"277",277,-12.2566300912464,-16.1855598736181,-12.6401038279543,-21.1149975920724,-30.4124145231932,-30.4124145231932,-1,-1,-1,-1,0.026108167838286,-0.821381126101701
"278",278,-0.638956686050813,5.06562731125087,-5.06012061528909,-14.7480227919595,10.4124145231932,30.4124145231932,-1,1,1,1,-0.143255619990843,-1.11204598015558
"279",279,-1.37318070233634,9.96858143441788,-12.3311418700189,4.30073857530112,10.4124145231932,30.4124145231932,-1,1,1,1,-0.0521965043571784,1.61099175873528
"280",280,-5.92228154705523,5.57959497343064,-25.4930173139614,-18.0258086815318,10.4124145231932,30.4124145231932,-1,1,1,1,0.310625932621278,1.057346827152
"281",281,7.9792449603734,11.8405946613003,17.646934896884,9.09776563865936,10.4124145231932,30.4124145231932,-1,1,1,1,1.73946571916962,0.884548885363617
"282",282,6.03196131632852,9.34304751688331,-3.13195874328101,-3.96978317589807,10.4124145231932,30.4124145231932,-1,1,1,1,0.729688094508162,0.645905611597713
"283",283,18.6438154574667,14.193524096247,33.6317986726544,33.9878653764705,30.4124145231932,10.4124145231932,1,-1,1,1,1.12857296646777,1.16417982340562
"284",284,12.7591454433444,11.1502988083067,26.5946044412352,4.36937060552468,10.4124145231932,30.4124145231932,-1,1,1,1,1.41397219387592,-0.808551551668208
"285",285,-13.7464510414767,-8.79156265651164,-35.1306449336254,-18.0477038704553,-10.4124145231932,-10.4124145231932,1,1,-1,-1,-1.52487410437325,0.183420013537646
"286",286,-16.0328302465425,-6.20473671076564,-13.0945647532218,11.7412774912783,-30.4124145231932,-30.4124145231932,-1,-1,-1,-1,-2.13462420115006,0.348960116939472
"287",287,-11.0374276780939,-8.8509569316454,-2.13116718358481,3.79777502573188,-30.4124145231932,-30.4124145231932,-1,-1,-1,-1,0.524700440810807,1.11759481060767
"288",288,-11.2764714881485,-19.1186879363103,-3.20603270036558,-29.6881994318062,-30.4124145231932,-30.4124145231932,-1,-1,-1,-1,1.26372775885637,-1.38448896508392
"289",289,0.880817659283265,4.86832184528793,34.1720748731255,45.7344947585096,-30.4124145231932,-30.4124145231932,-1,-1,-1,-1,-1.1116803057505,0.0445614617084476
"290",290,-12.9423415475941,-18.5579898597358,-31.795156672204,-53.5115410306034,-10.4124145231932,-10.4124145231932,1,1,-1,-1,0.268064408461768,-1.90357407967439
"291",291,2.57629887091687,1.65728489544376,43.752883728516,38.7576911388243,-30.4124145231932,-30.4124145231932,-1,-1,-1,-1,0.158157594867787,-0.341361584114243
"292",292,-16.0249686447299,-15.8901406645615,-17.4185496854392,-15.4638451320512,-30.4124145231932,-30.4124145231932,-1,-1,-1,-1,0.360891090397242,0.556361357461566
"293",293,12.0026214677035,6.56613081202915,51.0190324182718,31.5868869526306,-10.4124145231932,-10.4124145231932,1,1,-1,-1,2.81434865349413,0.87113415761254
"294",294,-17.9354635247177,-12.3858789222776,-50.0125124975951,-35.0342785837768,-10.4124145231932,-10.4124145231932,1,1,-1,-1,-0.921180475329704,0.576642922315423
"295",295,0.620085093763907,4.54141932369645,-2.97628441676859,-2.39556840068644,10.4124145231932,30.4124145231932,-1,1,1,1,0.546686638549104,0.604758345402563
"296",296,2.98969978916473,5.51491960841071,0.6740998063949,-12.6226255853028,10.4124145231932,30.4124145231932,-1,1,1,1,0.205477731859306,-1.12419484947763
"297",297,2.65841643740728,12.9974292027645,1.36337113642043,15.8230218866098,10.4124145231932,30.4124145231932,-1,1,1,1,1.11460001960201,2.56056497501629
"298",298,3.61818772031615,-2.54040233693203,25.4519311952739,3.58226677286672,-10.4124145231932,-10.4124145231932,1,1,-1,-1,0.572435830315222,-1.61453066535958
"299",299,8.93496680797956,-2.67275996740291,-1.21333109204266,-15.7981101755707,30.4124145231932,10.4124145231932,1,-1,1,1,1.26271163781059,-0.195766240546208
"300",300,2.79109830503493,0.537026455996212,-9.62788419614168,-0.481090890563229,30.4124145231932,10.4124145231932,1,-1,1,1,-2.48216514764481,-1.56748586927164
"301",301,-2.54793785365562,-2.24151420613046,21.5097840401476,17.7276653543064,-30.4124145231932,-30.4124145231932,-1,-1,-1,-1,0.677043807274755,0.298831929184476
"302",302,0.582163688251038,13.3201858021714,-3.05686414916318,14.0079457874746,10.4124145231932,30.4124145231932,-1,1,1,1,0.272178727453288,1.97865982730404
"303",303,0.962983531027467,14.0664169418947,-1.79406867883853,23.8128645262105,10.4124145231932,30.4124145231932,-1,1,1,1,-0.172831994719199,2.38786128396916
"304",304,2.96041428368475,4.89222464340718,27.7072146040606,30.9032135291378,-10.4124145231932,-10.4124145231932,1,1,-1,-1,0.00697378113123259,0.326573652252495
"305",305,-7.92186806562271,-11.4748333217606,7.03142390273054,-5.55539295025197,-30.4124145231932,-30.4124145231932,-1,-1,-1,-1,0.842376685731693,-0.416305069808253
"306",306,2.76800494269496,0.519303321557692,26.9063751749546,13.3398984886116,-10.4124145231932,-10.4124145231932,1,1,-1,-1,0.762789462096335,-0.593858368882441
"307",307,16.2261674438667,10.7876001655558,27.9959835992414,31.2210691880714,30.4124145231932,10.4124145231932,1,-1,1,1,0.0533548502492295,0.375863438898397
"308",308,15.3690604507458,14.715719528916,23.0529381070094,42.8468327752094,30.4124145231932,10.4124145231932,1,-1,1,1,-1.13958685986051,0.839802562402412
"309",309,-5.09720736222064,3.25351788976283,18.3153845930171,37.5490131150593,-30.4124145231932,-30.4124145231932,-1,-1,-1,-1,-0.504248664122347,1.41911420533317
"310",310,-3.02398866963658,5.22167580495663,3.10474788375039,26.9554734309602,-10.4124145231932,-10.4124145231932,1,1,-1,-1,-1.12279355481564,1.26227911349723
"311",311,22.2687992317581,16.1571101563151,40.8977903550158,44.907621726497,30.4124145231932,10.4124145231932,1,-1,1,1,-0.391854453565654,0.00912865419720333
"312",312,1.74681897008382,-0.144531793640519,34.825255751936,25.8577043665957,-30.4124145231932,-30.4124145231932,-1,-1,-1,-1,0.309815168481123,-0.586940068691372
"313",313,1.30087008369916,4.72354596737689,11.9499662760897,21.8002268415699,-10.4124145231932,-10.4124145231932,1,1,-1,-1,-1.55805050110587,-0.573024589466217
"314",314,4.07608057712051,3.00545824991788,27.3711082417815,18.2309510177047,-10.4124145231932,-10.4124145231932,1,1,-1,-1,1.81395504499386,0.899939270994022
"315",315,3.08186557499288,1.57951497319875,19.8728126288769,12.7887439346497,-10.4124145231932,-10.4124145231932,1,1,-1,-1,-0.108012345808999,-0.81641915973181
"316",316,-11.5956422119254,-6.4786452980883,-27.4742042893894,-7.54177242360351,-10.4124145231932,-10.4124145231932,1,1,-1,-1,-2.21036410578058,-0.217120982928968
"317",317,-6.1381563012302,-10.0752094318079,3.08433655366398,-8.96870747646915,-30.4124145231932,-30.4124145231932,-1,-1,-1,-1,1.03182181130487,-0.173482678813826
"318",318,10.6638838673256,9.65074048674673,1.2399780544069,18.9542314074464,30.4124145231932,10.4124145231932,1,-1,1,1,-2.07458915178461,-0.303163808505165
"319",319,3.1161285841771,3.43411878062243,17.1297396880514,18.4857214610283,-10.4124145231932,-10.4124145231932,1,1,-1,-1,-0.517518412612721,-0.381920190518055
"320",320,-19.840290732639,-19.6866429096447,-37.8792660603506,-35.2053559520369,-30.4124145231932,-30.4124145231932,-1,-1,-1,-1,-0.27465337644666,-0.00726242370265994
"321",321,10.5497501310854,4.86790733250892,1.78612042577337,6.04796158008198,30.4124145231932,10.4124145231932,1,-1,1,1,-0.184436090698606,0.241748211082754
"322",322,4.21821827018426,4.76263504432737,27.7403341213533,24.3991855000657,-10.4124145231932,-10.4124145231932,1,1,-1,-1,1.37325050378969,1.03913567812401
"323",323,-6.39734278144601,-9.98097835368542,12.9615651693744,-0.0514648325960163,-30.4124145231932,-30.4124145231932,-1,-1,-1,-1,0.558851056519465,-0.742451870987695
"324",324,8.52213575954171,17.9201738617518,10.5667214184975,28.7703621856989,10.4124145231932,30.4124145231932,-1,1,1,1,-0.515521848941183,1.30484213636988
"325",325,-3.36664464255921,-9.07040388957221,28.0075228485624,9.81927047813581,-30.4124145231932,-30.4124145231932,-1,-1,-1,-1,1.42440926643717,-0.394415831290897
"326",326,-0.0610402949352879,2.50800143943929,9.12128968698435,16.1473562088821,-10.4124145231932,-10.4124145231932,1,1,-1,-1,-0.499486159471963,0.203120523518047
"327",327,-18.7270250539314,-23.0379452575298,-57.361075339775,-66.8831722929123,-10.4124145231932,-10.4124145231932,1,1,-1,-1,-0.0659395631033317,-1.01814924503186
"328",328,-5.66874508267161,9.18080024212107,-25.9714106461409,1.25680110004228,10.4124145231932,30.4124145231932,-1,1,1,1,-2.28847639435985,0.434344747318539
"329",329,-6.45257034210517,-0.983064253149177,-13.354296141686,6.47766754511777,-10.4124145231932,-10.4124145231932,1,1,-1,-1,-1.61441493849282,0.368781387867152
"330",330,15.0151607838959,19.785040469779,42.0469757411885,36.7036550796698,10.4124145231932,30.4124145231932,-1,1,1,1,-0.275320840090135,-0.809652856354246
"331",331,-3.50644825970162,3.09689471298076,-14.1179049282403,-11.3972139941497,10.4124145231932,30.4124145231932,-1,1,1,1,-0.716335504858206,-0.444266617917997
"332",332,9.46672033355953,10.8827726477064,21.8084642868495,12.4331996367515,10.4124145231932,30.4124145231932,-1,1,1,1,0.651421859369533,-0.286104629597072
"333",333,-5.65995106253683,-3.5795619537607,11.744423833849,16.1722027054535,-30.4124145231932,-30.4124145231932,-1,-1,-1,-1,0.599828383135075,1.04260645153544
"334",334,-3.75495025999798,-7.14980878663189,-39.3137118443263,-34.1029561406538,30.4124145231932,10.4124145231932,1,-1,1,1,-1.01991221414538,-0.498836491234787
"335",335,-1.44504733409141,11.4182763083907,-9.52942763513969,8.10764855385009,10.4124145231932,30.4124145231932,-1,1,1,1,-1.63960921351804,0.124098389908396
"336",336,3.99784936638544,7.11039051074955,2.67329081580923,0.804311614810167,10.4124145231932,30.4124145231932,-1,1,1,1,0.647475035626962,0.460577253219702
"337",337,-12.7507707348536,-5.53237476146082,-16.2976849301378,5.37890119048053,-30.4124145231932,-30.4124145231932,-1,-1,-1,-1,-2.4138612623157,-0.246202611913169
"338",338,-5.87487281904604,-8.72667466387732,15.6764701327272,4.83687325292934,-30.4124145231932,-30.4124145231932,-1,-1,-1,-1,0.619128636744562,-0.464831005589799
"339",339,-5.91710174203757,4.74935187438297,-32.6629639223489,-18.5838686866788,10.4124145231932,30.4124145231932,-1,1,1,1,-0.568430636110966,0.839478792740296
"340",340,-1.07416843530417,-5.64566198585369,-34.0066314826954,-29.0972519528368,30.4124145231932,10.4124145231932,1,-1,1,1,-0.832980201683264,-0.342041943897266
"341",341,8.70054612758724,8.39959877356234,11.0418155559349,-9.86460337819449,10.4124145231932,30.4124145231932,-1,1,1,1,0.497808258207788,-1.59283348416827
"342",342,6.57753070743917,6.89174271229304,-11.1305387591186,12.3972388204982,30.4124145231932,10.4124145231932,1,-1,1,1,-2.01781508261353,0.334962681260398
"343",343,4.5466801079858,3.06395914985861,25.7105549116394,23.5815896720672,-10.4124145231932,-10.4124145231932,1,1,-1,-1,1.37144799365075,1.15855160548591
"344",344,-21.2389760327429,-18.3838203331572,-37.2689499412134,-29.6295818153828,-30.4124145231932,-30.4124145231932,-1,-1,-1,-1,-0.693567266472226,0.0703695621286469
"345",345,-11.617974907667,-15.8923713501584,-5.75413275638092,-14.6455008561429,-30.4124145231932,-30.4124145231932,-1,-1,-1,-1,0.227053598999142,-0.662083253495289
"346",346,-4.02032509905108,-1.44131052530585,-9.73638813434749,2.31565959115626,-10.4124145231932,-10.4124145231932,1,1,-1,-1,0.254128673415677,1.45933325347961
"347",347,18.9948395962022,18.8476544054774,30.7365828278102,44.8435597602506,30.4124145231932,10.4124145231932,1,-1,1,1,0.197370150079266,1.60806773098948
"348",348,4.89632515098442,20.0984658537872,6.86288499239815,36.1536063205732,10.4124145231932,30.4124145231932,-1,1,1,1,-2.54003532163466,0.389036844339212
"349",349,8.12721056981686,7.12233963388524,2.60687456484298,12.9298536331059,30.4124145231932,10.4124145231932,1,-1,1,1,-0.127006474674552,0.905291445781114
"350",350,-13.0111592703662,-8.65496290616737,-13.359701216293,-4.64899025180945,-30.4124145231932,-30.4124145231932,-1,-1,-1,-1,-0.110137329095553,0.760933746018561
"351",351,-7.67232647351011,-0.27060592028433,-31.7697012376937,-30.425688997155,10.4124145231932,30.4124145231932,-1,1,1,1,0.540894059254922,0.675295418251042
"352",352,-18.9665970376587,-21.434678478861,-35.3687730024594,-39.1665512338286,-30.4124145231932,-30.4124145231932,-1,-1,-1,-1,-0.349261095869872,-0.729038898220803
"353",353,-1.44923519997956,-0.862416234428516,25.2687580948939,27.4603158495701,-30.4124145231932,-30.4124145231932,-1,-1,-1,-1,-0.465769179416292,-0.246613441378225
"354",354,15.2818638373053,9.21394364774427,25.0980150119148,28.2837269675656,30.4124145231932,10.4124145231932,1,-1,1,1,0.900923338065431,1.21949445145435
"355",355,11.7327994601964,17.2316500993054,28.8246208018288,21.134648855631,10.4124145231932,30.4124145231932,-1,1,1,1,0.261167950639317,-0.507829164198988
"356",356,-2.29158126788605,-3.04379059321402,20.8876373708236,19.3699394812711,-30.4124145231932,-30.4124145231932,-1,-1,-1,-1,1.05638983110579,0.904620116200592
"357",357,17.8412343092095,6.82797971129391,33.8451471652587,15.1253359866724,30.4124145231932,10.4124145231932,1,-1,1,1,1.76652152536708,-0.10545958470316
"358",358,9.68483798868322,-5.56682569008346,4.50836545453932,-22.6780076763554,30.4124145231932,10.4124145231932,1,-1,1,1,0.690380196397593,-2.02825702250697
"359",359,2.12343413180547,5.06522368761001,19.0705291952019,25.756212418134,-10.4124145231932,-10.4124145231932,1,1,-1,-1,-0.228095953125978,0.440472321877508
"360",360,-2.48187872829227,9.09177381637375,-11.5955135930953,2.97834280159624,10.4124145231932,30.4124145231932,-1,1,1,1,0.244682795467575,1.70206842629102
"361",361,8.84986941368021,16.4890169249683,17.0058084627405,20.0842201879189,10.4124145231932,30.4124145231932,-1,1,1,1,0.358453794021917,0.66629491156231
"362",362,-8.11350520577267,-10.8051579152434,-14.225966848572,-23.3569424820166,-10.4124145231932,-10.4124145231932,1,1,-1,-1,-0.0677092850343974,-0.980806924874462
"363",363,20.5974429224105,10.4832529222415,35.5217619615557,20.9204227047754,30.4124145231932,10.4124145231932,1,-1,1,1,0.209181089851007,-1.25095290565439
"364",364,-8.84653780925757,-4.54177319647055,-40.9683340691422,-45.9284972766686,10.4124145231932,30.4124145231932,-1,1,1,1,-0.36659881492412,-0.862615171556427
"365",365,-5.71413664014952,-11.553949527364,8.82691282692837,-7.05967035074277,-30.4124145231932,-30.4124145231932,-1,-1,-1,-1,0.625982176249441,-0.962676311173588
"366",366,-3.91340494865791,4.75506395971311,4.7995973525352,24.5633779783685,-10.4124145231932,-10.4124145231932,1,1,-1,-1,-1.5165998985394,0.459778079141828
"367",367,-4.83981319577781,-5.87536589978389,5.71222092978926,2.5720939119038,-30.4124145231932,-30.4124145231932,-1,-1,-1,-1,0.483128391426468,0.169115689292135
"368",368,19.8407706071784,10.1977825455186,40.950296906148,26.7150792882275,30.4124145231932,10.4124145231932,1,-1,1,1,-0.0934899489136747,-1.51701162228966
"369",369,0.993734962811515,4.77698575923105,-10.0288562869967,-11.8999955056064,10.4124145231932,30.4124145231932,-1,1,1,1,-0.514585767109279,-0.701699768099413
"370",370,1.13772660931572,7.23923072283022,-5.56099933659197,-1.63739184215637,10.4124145231932,30.4124145231932,-1,1,1,1,-1.09615540461832,-0.703794858652416
"371",371,10.4752667019054,-2.48269982038457,-3.14223968739195,-20.8726988846421,30.4124145231932,10.4124145231932,1,-1,1,1,0.893739335219519,-0.879306569523436
"372",372,18.5285003083346,9.51990409161068,31.1332653149803,18.9100942700146,30.4124145231932,10.4124145231932,1,-1,1,1,0.936707865698714,-0.285609278374089
"373",373,-3.09551680279766,-12.9548580998213,18.360287311733,-10.1703263053794,-30.4124145231932,-30.4124145231932,-1,-1,-1,-1,0.100099265851204,-2.75296215238366
"374",374,-3.19427835450132,-5.59687828884371,5.21802561904822,0.885698443604869,-10.4124145231932,-10.4124145231932,1,1,-1,-1,0.010941814392549,-0.422290674991468
"375",375,-1.20886427576612,1.31601904111383,-16.3606159241927,-18.4283046967847,10.4124145231932,30.4124145231932,-1,1,1,1,0.782199478665544,0.575430498146021
"376",376,-7.40773961257823,-6.28467263895719,-18.9964000759826,-9.71778589336489,-10.4124145231932,-10.4124145231932,1,1,-1,-1,-0.870902345603582,0.0569590315590658
"377",377,-5.60508812788962,-7.27305901766348,-51.7019176083978,-37.2693215064368,30.4124145231932,10.4124145231932,1,-1,1,1,-1.20287124333142,0.24038836491815
"378",378,0.128208403359779,-0.150843697840766,-16.8394667189086,-29.783492221788,10.4124145231932,30.4124145231932,-1,1,1,1,0.307043735425998,-0.987358896244304
"379",379,-1.5617410589065,-0.0900643417224604,-10.4159124553667,-21.9011757753745,10.4124145231932,30.4124145231932,-1,1,1,1,-0.945095493980238,-2.09362176062415
"380",380,-11.7055968896488,-13.5066125108339,-3.93840361824464,-18.4276148431584,-30.4124145231932,-30.4124145231932,-1,-1,-1,-1,0.624437753395912,-0.824483383310544
"381",381,-10.6641640475496,-12.4398183970034,-12.812575224489,-15.7183599970002,-30.4124145231932,-30.4124145231932,-1,-1,-1,-1,-0.0117988816856328,-0.302377383700351
"382",382,1.32559792733311,-11.1698142283079,10.1465758878891,-23.3565174970154,-10.4124145231932,-10.4124145231932,1,1,-1,-1,1.81638246137954,-1.53392675843873
"383",383,-9.86887335116442,-14.2809150616553,-6.05169293018087,-12.4361915045203,-30.4124145231932,-30.4124145231932,-1,-1,-1,-1,0.22012966821347,-0.41832034104385
"384",384,12.5170303194571,14.051264742746,26.5413466010993,15.9866765396888,10.4124145231932,30.4124145231932,-1,1,1,1,1.70531674870918,0.649849649108356
"385",385,-1.79890951433866,2.96101039252011,-3.66632025953643,-12.3995881857086,10.4124145231932,30.4124145231932,-1,1,1,1,0.994451906538076,0.121125288210801
"386",386,11.0288621798153,2.85041636874445,5.45652079982942,6.30839752839447,30.4124145231932,10.4124145231932,1,-1,1,1,0.0549125348293594,0.140100271040054
"387",387,-6.47308842772833,-7.76257167868178,-11.0692163885338,-17.6619315247802,-10.4124145231932,-10.4124145231932,1,1,-1,-1,0.327899689811468,-0.331371942293881
"388",388,-2.67509061997522,-10.5497781267217,-5.45223312223494,-23.8935899621696,-10.4124145231932,-10.4124145231932,1,1,-1,-1,1.94337902533487,0.0992432055316183
"389",389,-4.68752717357309,-5.22686915551071,-7.35061334479401,-10.7383034058734,-10.4124145231932,-10.4124145231932,1,1,-1,-1,-0.128214392547422,-0.466983367762005
"390",390,3.61800758100632,4.26787857527223,2.54079037888571,-11.8546745036374,10.4124145231932,30.4124145231932,-1,1,1,1,1.52527067167388,0.0857242367494348
"391",391,1.83888665114836,4.88596218354866,-3.0294406965952,-14.0459704800778,10.4124145231932,30.4124145231932,-1,1,1,1,0.598424548300292,-0.503228514974086
"392",392,2.00808641311124,9.57147852114344,3.44848590430181,7.74702284722488,10.4124145231932,30.4124145231932,-1,1,1,1,0.655195327830423,1.08504919573762
"393",393,2.6524628611306,1.82549344085597,-7.42637566181014,-19.704387830606,10.4124145231932,30.4124145231932,-1,1,1,1,0.617969844807205,-0.609831304817815
"394",394,18.8652550727355,13.7008049205509,38.8531573164608,33.5755086368747,30.4124145231932,10.4124145231932,1,-1,1,1,1.0910867216395,0.563321944915178
"395",395,5.09613795428457,0.681142647985794,17.4999789547701,12.4651570383514,-10.4124145231932,-10.4124145231932,1,1,-1,-1,0.979829425247064,0.476347360431498
"396",396,7.26530784520276,7.47220326798146,-10.0615235132084,7.10603641389533,30.4124145231932,10.4124145231932,1,-1,1,1,-1.50119690992734,0.215559076232132
"397",397,-19.587025916059,-13.4286499261925,-35.7391124768861,-15.7017072022101,-30.4124145231932,-30.4124145231932,-1,-1,-1,-1,-1.80632678691206,0.197413777966737
"398",398,-1.76023943488155,12.1945452076322,-16.9131804011824,9.31746166462546,10.4124145231932,30.4124145231932,-1,1,1,1,-0.5020695112204,2.12099466212665
"399",399,-10.3672849035737,-11.4673859751767,-8.67478024943013,-8.65547444937712,-30.4124145231932,-30.4124145231932,-1,-1,-1,-1,0.198135083290339,0.200065620692959
"400",400,-1.13973535899881,-4.6408978738713,15.5381900585432,-3.18715970618687,-10.4124145231932,-10.4124145231932,1,1,-1,-1,0.934895808784138,-0.937639144861205
"401",401,-11.1081027695259,-3.04788664451568,-25.0042123319995,7.40940110722981,-10.4124145231932,-10.4124145231932,1,1,-1,-1,-1.71186109102158,1.52950019122894
"402",402,6.63610839666999,10.9772657164452,-5.33453455104877,20.0715183796099,30.4124145231932,10.4124145231932,1,-1,1,1,-1.50226715533915,1.03833804395275
"403",403,15.8292906338279,20.3017487949615,46.0375004007021,34.9986846514432,10.4124145231932,30.4124145231932,-1,1,1,1,1.13019954627065,0.0263178972421477
"404",404,15.4481940091929,-1.98793035976069,16.6807424526279,-18.8727827823034,30.4124145231932,10.4124145231932,1,-1,1,1,0.922188449362678,-2.63316414763948
"405",405,-0.203194807370223,-7.50785352736736,28.8443226382857,9.58441914705396,-30.4124145231932,-30.4124145231932,-1,-1,-1,-1,1.18479154035579,-0.74119890761661
"406",406,-16.5730656034546,-12.0305102763878,-19.8785711237514,-6.10357307669887,-30.4124145231932,-30.4124145231932,-1,-1,-1,-1,-0.920336144013209,0.457163718876956
"407",407,3.24857882871837,-1.59913840056131,17.9766379874105,6.40368722298357,-10.4124145231932,-10.4124145231932,1,1,-1,-1,0.73520284971467,-0.422092140849263
"408",408,-5.90034654720165,0.370861926300805,-14.574218767339,7.37204846319349,-10.4124145231932,-10.4124145231932,1,1,-1,-1,0.273486213602085,2.46811295737988
"409",409,-17.1094814340301,-24.1922806925681,-30.18112357191,-48.9294151068299,-30.4124145231932,-30.4124145231932,-1,-1,-1,-1,1.00036062822167,-0.874468596317458
"410",410,5.26691065329813,-4.94447782623386,18.9320670959612,-0.646169692674629,-10.4124145231932,-10.4124145231932,1,1,-1,-1,0.75468972585309,-1.20313379686006
"411",411,-10.5613160417688,-11.12007010422,-23.6706298142751,-25.849335684525,-10.4124145231932,-10.4124145231932,1,1,-1,-1,-0.250491240535285,-0.468361899268537
"412",412,10.2955596474489,18.4433247845501,21.7695753320547,32.0423582010015,10.4124145231932,30.4124145231932,-1,1,1,1,0.107251368112447,1.13452968395763
"413",413,6.44695452371972,10.6825749548328,27.6424309640644,34.2980645810535,-10.4124145231932,-10.4124145231932,1,1,-1,-1,0.779730201781495,1.44529357704302
"414",414,13.9369281831398,24.5326511041854,37.0583257750324,49.3351191321733,10.4124145231932,30.4124145231932,-1,1,1,1,0.336890764483549,1.56457027604361
"415",415,7.71933791585146,16.8213052611028,23.6300122717871,28.1189884647878,10.4124145231932,30.4124145231932,-1,1,1,1,0.751243081256585,1.20014072729059
"416",416,-11.8058857137423,-5.05593324611849,-25.7546898162522,-3.31730834763858,-10.4124145231932,-10.4124145231932,1,1,-1,-1,-0.10088455582614,2.14285359625497
"417",417,-2.13956861933055,-2.45163279385433,-0.519886024708297,2.8661756638639,-10.4124145231932,-10.4124145231932,1,1,-1,-1,0.669178076429684,1.00778412120168
"418",418,11.0955102469423,7.16215334228252,45.967023560523,32.1840753565165,-10.4124145231932,-10.4124145231932,1,1,-1,-1,1.82879295559793,0.450498190807024
"419",419,-5.22249431719853,-13.4142497859662,-43.6645775813761,-52.0312746502544,30.4124145231932,10.4124145231932,1,-1,1,1,-0.160266713108705,-0.996936511960482
"420",420,-8.02836735828608,-6.04621213587794,5.37478178700438,9.13546177024184,-30.4124145231932,-30.4124145231932,-1,-1,-1,-1,-0.0949155805279568,0.28115231742565
"421",421,-4.96390727783379,-2.53846172353676,9.35073530783226,17.0245607180896,-30.4124145231932,-30.4124145231932,-1,-1,-1,-1,-0.690699310952854,0.0766831660531378
"422",422,-1.85210626714508,1.20508600440355,-25.1534509987375,-32.0037078986892,10.4124145231932,30.4124145231932,-1,1,1,1,-0.563893743089846,-1.24891916130912
"423",423,0.567739371780287,-3.94201588152457,35.5490905606442,27.0079101120657,-30.4124145231932,-30.4124145231932,-1,-1,-1,-1,-0.0720468733720727,-0.926164915279608
"424",424,6.44777901201486,15.6305143755371,9.48985914767946,20.1930127934083,10.4124145231932,30.4124145231932,-1,1,1,1,-1.44384271486041,-0.373527244632248
"425",425,0.7403334317813,-3.80527619325157,17.4090774286848,3.28238762419282,-10.4124145231932,-10.4124145231932,1,1,-1,-1,1.32299874146358,-0.0896703539535446
"426",426,13.1167951259065,3.1680520731131,11.9816447783662,-5.48170133497323,30.4124145231932,10.4124145231932,1,-1,1,1,1.50779130806157,-0.238543264494277
"427",427,-8.39196130198371,2.4565382521021,-32.5270114343599,-21.6927741856502,10.4124145231932,30.4124145231932,-1,1,1,1,-0.493469456555823,0.589954266379128
"428",428,0.227030602124209,-1.45332068306628,30.6520930379797,29.0575487748532,-30.4124145231932,-30.4124145231932,-1,-1,-1,-1,-0.946488181467227,-1.10594248396313
"429",429,6.96315883018874,2.48951829531895,30.3973803691841,23.8009097596252,-10.4124145231932,-10.4124145231932,1,1,-1,-1,0.219756966105026,-0.439889905324134
"430",430,20.3910392454448,7.72817484222788,35.1156313958988,16.2863491920204,30.4124145231932,10.4124145231932,1,-1,1,1,0.997529216195875,-0.885399128664742
"431",431,-14.3123192361507,-18.3487091523659,-15.8570786348827,-26.7650310013952,-30.4124145231932,-30.4124145231932,-1,-1,-1,-1,0.820666427859828,-0.270128824328776
"432",432,7.61826136449821,-7.30378739079321,-1.48458884751139,-33.2675825188608,30.4124145231932,10.4124145231932,1,-1,1,1,1.43291176062444,-1.7453877720561
"433",433,2.63233102748195,-4.07998085290292,-24.6851380532858,-26.1375409679056,30.4124145231932,10.4124145231932,1,-1,1,1,0.665495857791351,0.520255552361318
"434",434,10.1878280073562,0.871650616053603,42.2378701655169,15.695351161352,-10.4124145231932,-10.4124145231932,1,1,-1,-1,2.12141609502389,-0.532835768868111
"435",435,3.14918927702692,-5.46009640139655,-26.9648212884339,-32.2159049045227,30.4124145231932,10.4124145231932,1,-1,1,1,0.992104396873896,0.466996197959655
"436",436,3.213561544972,5.87425145310746,26.8264875641001,29.6722787557886,-10.4124145231932,-10.4124145231932,1,1,-1,-1,-0.235728951260467,0.0488501356899439
"437",437,9.8778825893657,8.72062189374121,2.94313262137829,21.2335993413253,30.4124145231932,10.4124145231932,1,-1,1,1,-0.311202310317057,1.51784429133611
"438",438,-17.7419993200443,-12.8597449422048,-37.1877399921527,-15.182295542995,-30.4124145231932,-30.4124145231932,-1,-1,-1,-1,-3.0503395056587,-0.849795012492348
"439",439,-9.77157782163253,-6.64830906398433,-21.2500845286304,-12.0506091671822,-10.4124145231932,-10.4124145231932,1,1,-1,-1,-1.86617125415734,-0.946223841312283
"440",440,1.30511739941494,-4.64917807990822,11.0061843502322,-17.3844998701157,-10.4124145231932,-10.4124145231932,1,1,-1,-1,1.46908471370298,-1.36998385288842
"441",441,-0.402693062090682,8.69593384466157,-8.49028894042531,0.542563092107229,10.4124145231932,30.4124145231932,-1,1,1,1,-0.926997923649707,-0.0237124707837695
"442",442,-17.7022705037583,-7.94624574504118,-28.5814266877075,-2.90455126689101,-30.4124145231932,-30.4124145231932,-1,-1,-1,-1,-1.90363178095849,0.664055693493757
"443",443,11.40861880955,14.3012152150293,22.4703161873237,13.8751513354919,10.4124145231932,30.4124145231932,-1,1,1,1,0.22001100449482,-0.639505560596174
"444",444,-10.5498858289912,-15.1392654435207,-3.63025619083102,-17.9852396022254,-30.4124145231932,-30.4124145231932,-1,-1,-1,-1,0.179413220842992,-1.25608527548754
"445",445,5.77216384184215,3.78681048274065,-2.56844354582161,7.31237348654114,30.4124145231932,10.4124145231932,1,-1,1,1,-0.962494502904365,0.0255872412889878
"446",446,-9.82164794567505,-13.8843988097676,-22.000614737309,-38.7314513424234,-10.4124145231932,-10.4124145231932,1,1,-1,-1,0.587200037233431,-1.08588349092948
"447",447,-14.433736496976,-7.03904461746114,-18.9991823405507,6.73450813126112,-30.4124145231932,-30.4124145231932,-1,-1,-1,-1,-1.04467898567049,1.5286900384827
"448",448,-8.42305087913179,-6.73537389189978,-15.9209447193749,-12.5156438065703,-10.4124145231932,-10.4124145231932,1,1,-1,-1,0.170742976355805,0.511272907798639
"449",449,-0.912021528654143,-2.06008707254225,-36.1661340015289,-11.9033448878424,30.4124145231932,10.4124145231932,1,-1,1,1,-2.23726596369279,0.189012962678586
"450",450,-5.64986690850612,-9.36462457703326,-9.51561925784281,-19.9707939576874,-10.4124145231932,-10.4124145231932,1,1,-1,-1,-0.328920294582642,-1.37443769823541
"451",451,-5.05981984389612,0.00596334751170446,20.7836620306461,31.2316777390729,-30.4124145231932,-30.4124145231932,-1,-1,-1,-1,-0.0136544318157283,1.03114726282446
"452",452,-7.85241333065594,-17.3840991049728,6.89500494521437,-24.7412086013059,-30.4124145231932,-30.4124145231932,-1,-1,-1,-1,1.31172634023075,-1.85189502851493
"453",453,-6.5939118604736,-6.64113362959348,-1.24946682493791,-10.9570417961251,-10.4124145231932,-10.4124145231932,1,1,-1,-1,-0.48212806131554,-1.45288553528428
"454",454,5.14582406166111,12.4934198218136,5.07441568166354,8.97654732485603,10.4124145231932,30.4124145231932,-1,1,1,1,-0.814738289881821,-0.424525093279394
"455",455,10.892807964665,1.27658902969477,7.53956649505403,0.51536922662682,30.4124145231932,10.4124145231932,1,-1,1,1,-0.44842137535401,-1.15084099624322
"456",456,-7.43324733848101,0.24554998294027,12.6456456136559,36.62716105901,-30.4124145231932,-30.4124145231932,-1,-1,-1,-1,-0.508977086715985,1.88917429390127
"457",457,11.9117778114113,5.93095820041103,9.25340974153386,11.948404394206,30.4124145231932,10.4124145231932,1,-1,1,1,0.0926497826369997,0.36214925724129
"458",458,-6.53628185185195,-6.15780156852239,6.91107374551896,10.1279653111542,-30.4124145231932,-30.4124145231932,-1,-1,-1,-1,-0.713412530517441,-0.391723382603688
"459",459,9.01612722889811,9.62624450218869,21.0562223117044,5.6382251028609,10.4124145231932,30.4124145231932,-1,1,1,1,0.504204126559375,-1.03759560800569
"460",460,-12.0825351957966,-11.0886481279189,-11.9633849772094,-5.48918836882728,-30.4124145231932,-30.4124145231932,-1,-1,-1,-1,0.831543654618611,1.47896326085617
"461",461,5.49491039154634,18.4563235323833,4.99244902899061,32.2521899910629,10.4124145231932,30.4124145231932,-1,1,1,1,-1.62385440236023,1.1021199072191
"462",462,-10.8507993289114,-4.48753237005988,-30.5758694480991,-9.74024030820643,-10.4124145231932,-10.4124145231932,1,1,-1,-1,-1.83059785651584,0.252965022673186
"463",463,16.8354419340619,9.03407882858091,22.994547727519,19.4240603674298,30.4124145231932,10.4124145231932,1,-1,1,1,0.730385978449228,0.373337396540954
"464",464,-22.3142838734184,-18.4356727939648,-38.7000072588746,-30.6735122830997,-30.4124145231932,-30.4124145231932,-1,-1,-1,-1,-0.934500527862257,-0.131851076378478
"465",465,-10.20355644267,-11.2215491779571,-24.3121027793328,-29.245474911547,-10.4124145231932,-10.4124145231932,1,1,-1,-1,-1.19035911675753,-1.68369629193195
"466",466,-4.43895544525307,-10.7911296641707,16.7074339731346,-0.159869023417977,-30.4124145231932,-30.4124145231932,-1,-1,-1,-1,0.515544570412483,-1.17118567144329
"467",467,3.10764431242792,5.30205853767697,-1.58977921926832,-10.517498927749,10.4124145231932,30.4124145231932,-1,1,1,1,1.16045971196904,0.267687614278382
"468",468,4.67125797445667,13.3294608566916,14.5732673292506,18.4498460819285,10.4124145231932,30.4124145231932,-1,1,1,1,-0.374441332597009,0.0132164876731861
"469",469,-2.78573543382628,-3.17468479805976,-40.8454101583944,-18.6207360592323,30.4124145231932,10.4124145231932,1,-1,1,1,-1.52707049567726,0.695396844175709
"470",470,2.05992195907947,-0.210130576440223,32.4695438169144,32.3584901994797,-30.4124145231932,-30.4124145231932,-1,-1,-1,-1,-0.847733884183475,-0.858839178449394
"471",471,-5.60357265543238,2.9616733894048,-2.61639548715158,19.1066595185681,-10.4124145231932,-10.4124145231932,1,1,-1,-1,-1.19557434968505,0.976731211020328
"472",472,8.58751784965205,10.2638135220978,15.8461161180537,-2.72907714277306,10.4124145231932,30.4124145231932,-1,1,1,1,0.0421107713323883,-1.81540849879612
"473",473,8.473156454749,-1.38526120772406,36.7863823271387,3.68135043222041,-10.4124145231932,-10.4124145231932,1,1,-1,-1,1.69962574063228,-1.61087732389793
"474",474,8.86030816991225,10.5401612435429,16.1189162847962,-3.74558039722167,10.4124145231932,30.4124145231932,-1,1,1,1,0.567350605579084,-1.41909913402856
"475",475,10.6235876826694,11.8820499790138,25.3199758968448,13.406462178425,10.4124145231932,30.4124145231932,-1,1,1,1,0.930590261284437,-0.260761150529191
"476",476,4.77911523977081,0.664104521635131,-16.9099738238952,-7.94539368212921,30.4124145231932,10.4124145231932,1,-1,1,1,-0.305980643319508,0.590477422118661
"477",477,-15.3659524960182,-14.9586684627891,-21.8807592960578,-20.7698931574314,-30.4124145231932,-30.4124145231932,-1,-1,-1,-1,-0.366240171876639,-0.255153780979385
"478",478,-0.34809677497875,-1.90619337953744,30.8827488973191,24.3194659806575,-30.4124145231932,-30.4124145231932,-1,-1,-1,-1,0.541451762227335,-0.114876530537091
"479",479,15.3642486409497,12.4152288436974,18.2843143964554,30.3760083727823,30.4124145231932,10.4124145231932,1,-1,1,1,0.92375905517948,2.13292840785825
"480",480,-8.88956107992545,-8.97502515473973,-1.6593065511708,-5.33358462913882,-30.4124145231932,-30.4124145231932,-1,-1,-1,-1,-1.28128154762695,-1.64870931018692
"481",481,6.56321215432406,4.86655821397983,-3.49400023328575,13.2921266686721,30.4124145231932,10.4124145231932,1,-1,1,1,-1.68949178205753,-0.0108790211476325
"482",482,4.7864065109264,11.7326276580787,1.57900569885715,11.0825449284243,10.4124145231932,30.4124145231932,-1,1,1,1,-0.748899354642807,0.201454409098666
"483",483,0.200053764953012,7.95751809187903,-6.58238217850101,0.404645619888447,10.4124145231932,30.4124145231932,-1,1,1,1,-0.0239717710932711,0.674730807490992
"484",484,-0.868079610060517,-12.5903025211404,28.4846591708333,-10.9939236036054,-30.4124145231932,-30.4124145231932,-1,-1,-1,-1,0.529007290729861,-3.41885103975485
"485",485,15.4254519027113,-0.28994725579267,16.2552146480836,-9.64097487299487,30.4124145231932,10.4124145231932,1,-1,1,1,1.8420854318988,-0.747533426099331
"486",486,-3.0653599773829,-5.49086907921702,25.8184618692901,14.1674278171465,-30.4124145231932,-30.4124145231932,-1,-1,-1,-1,0.721155153150703,-0.443948300959507
"487",487,-6.64010094606755,-4.75795227277279,-34.4322084975194,-48.260159774863,10.4124145231932,30.4124145231932,-1,1,1,1,1.48859646984102,0.105801418937474
"488",488,-16.2977923279304,-16.6589432403729,-29.8574268989123,-36.6760536310411,-30.4124145231932,-30.4124145231932,-1,-1,-1,-1,0.174908110781152,-0.506954467516134
"489",489,-0.0754446858089117,-7.17301954606718,26.8902894160418,12.8565427468939,-30.4124145231932,-30.4124145231932,-1,-1,-1,-1,1.18469392113439,-0.218680879345151
"490",490,25.0383044228434,8.80584176384433,55.3085291127734,21.3654261859424,30.4124145231932,10.4124145231932,1,-1,1,1,2.47277489969648,-0.92153526739525
"491",491,10.1676186585016,2.67206711732207,3.85164613652344,-0.963694663410324,30.4124145231932,10.4124145231932,1,-1,1,1,0.0197536737870966,-0.461780429873161
"492",492,0.604711073761601,5.8538461952829,-2.9862785528577,-7.89185806874921,10.4124145231932,30.4124145231932,-1,1,1,1,0.0418877602683333,-0.448670162644259
"493",493,1.89576565325835,4.39935644523081,36.8952344090632,44.5155217925247,-30.4124145231932,-30.4124145231932,-1,-1,-1,-1,1.7782735294804,2.54030214384629
"494",494,-19.979427132851,-19.0686536023552,-34.8150373815125,-26.167331456717,-30.4124145231932,-30.4124145231932,-1,-1,-1,-1,-0.686486771156933,0.178283845697384
"495",495,-5.30652014019758,-7.44835080557515,9.66684067948085,4.1025671135832,-30.4124145231932,-30.4124145231932,-1,-1,-1,-1,-0.142681279315238,-0.699108687524836
"496",496,5.65073889914958,6.34644907248076,8.36938931677083,-5.33492665022176,10.4124145231932,30.4124145231932,-1,1,1,1,-0.00987751232989447,-1.38030909640599
"497",497,1.94638934946492,-2.30068171575621,-20.8595904274599,-18.4047858849453,30.4124145231932,10.4124145231932,1,-1,1,1,0.442301644643708,0.687782160033009
"498",498,2.33167471234678,4.2269319523809,-2.07354020934194,-18.0828084569037,10.4124145231932,30.4124145231932,-1,1,1,1,0.161376551736849,-1.43955024658681
"499",499,-3.97425222475013,-10.7979922120847,-1.43103279340642,-15.4694238007445,-10.4124145231932,-10.4124145231932,1,1,-1,-1,0.126047631550001,-1.27779156686546
"500",500,18.2795115329937,3.20870576389245,27.4528194461241,2.99884857365317,30.4124145231932,10.4124145231932,1,-1,1,1,2.45806777167298,0.0126706500021516
"501",501,-11.2006186996728,-10.8610812669267,-35.6808118964106,-31.4214320169536,-10.4124145231932,-10.4124145231932,1,1,-1,-1,-1.61218955253692,-1.18625166002324
"502",502,-6.69830887374941,-7.22812948638052,-7.13614525255495,-12.0973347173928,-10.4124145231932,-10.4124145231932,1,1,-1,-1,0.713739477773748,0.217620571876469
"503",503,-9.28168780077984,-13.732650731965,1.69634030170854,-13.0159409738632,-30.4124145231932,-30.4124145231932,-1,-1,-1,-1,-0.0197079619761573,-1.49093607161732
"504",504,-11.8460390148742,-13.0265313054719,-9.00629524005538,-13.3507829349932,-30.4124145231932,-30.4124145231932,-1,-1,-1,-1,1.00743737211486,0.572988647225929
"505",505,4.84487882250814,6.50763175474676,4.30027334919775,-5.44564034230217,10.4124145231932,30.4124145231932,-1,1,1,1,0.830658322951791,-0.143932865100321
"506",506,8.05989893761241,14.8686469520098,-1.19785473392389,35.7372899530008,30.4124145231932,10.4124145231932,1,-1,1,1,-1.94360821244587,1.7499062401259
"507",507,-4.40610020119058,-6.76716029160652,-2.52067517100736,-9.75054651148129,-10.4124145231932,-10.4124145231932,1,1,-1,-1,0.314148145041616,-0.408838986150503
"508",508,-3.12154341437522,-0.806299785220118,3.76720055673247,9.30796471572729,-10.4124145231932,-10.4124145231932,1,1,-1,-1,-0.763677852712141,-0.209601556904181
"509",509,2.28156000721844,-3.2533870295302,-24.1958737979202,-19.7341828665088,30.4124145231932,10.4124145231932,1,-1,1,1,0.483885695716643,0.930054941510322
"510",510,-6.15808673081104,-9.94979513827082,5.07891030741661,-2.74404298407926,-30.4124145231932,-30.4124145231932,-1,-1,-1,-1,0.644749743363223,-0.137545398679773
