"","n_three_level_gender_mimimean","n_three_level_gender_mixedmean","n_three_level_gender_oneonemean","coef_gender_composition_two_eff_sib0mean","coef_gender_composition_two_eff_se_sib0mean","coef_gender_composition_two_eff_t_sib0mean","coef_gender_composition_two_eff_p_sib0mean","coef_gender_composition_two_eff_sib2mean","coef_gender_composition_two_eff_se_sib2mean","coef_gender_composition_two_eff_t_sib2mean","coef_gender_composition_two_eff_p_sib2mean","coef_con_diffxgender_composition_two_eff_sib2mean","coef_con_diffxgender_composition_two_eff_se_sib2mean","coef_con_diffxgender_composition_two_eff_t_sib2mean","coef_con_diffxgender_composition_two_eff_p_sib2mean"
"1",7.503,14.994,7.503,-0.278115000284086,0.346133978947394,-0.843394791918413,0.404821924412784,-0.533892799893001,0.510240060660366,-1.11624530265947,0.361418089903603,0.0254364944297346,0.0375504150489076,0.744622336385288,0.416816749795668
"2",29.943,60.114,29.943,-0.294979619081277,0.165542126061303,-1.79958162108899,0.181558981053967,-0.54858042728287,0.235757778868003,-2.34911371556496,0.0767930775126568,0.0247312152711516,0.0165260142013286,1.51794240742904,0.241639108437864
"3",127.477,255.046,127.477,-0.298395607907618,0.079696169706274,-3.7528862600168,0.00923010970637701,-0.544108690351642,0.112525880007864,-4.84814178496274,0.000209177890477828,0.0239378219320515,0.00780355572517031,3.0771410266825,0.0356412720233123
"4",7.508,14.984,7.508,-0.305025508237622,0.383578306624559,-0.837020019191497,0.405214450694977,-0.554774009801012,0.540096920394999,-1.08532433241655,0.345059809697464,0.0249353525984052,0.0377612983212743,0.696478335376837,0.429088534493352
"5",30.051,59.898,30.051,-0.281469799927539,0.183084580575004,-1.55706405747411,0.242710940107271,-0.534043708820828,0.24914119287882,-2.17132619382052,0.102836578955873,0.0247309211841821,0.0166343401135896,1.51093812647676,0.26078825873261
"6",127.451,255.098,127.451,-0.290961625543583,0.0876370138256607,-3.32878629243551,0.0187883239094514,-0.536570296192291,0.11798157309804,-4.56054655000583,0.000627737090943894,0.0239890114278673,0.00780071953210815,3.08732049301277,0.0382014005817667
"7",7.442,15.116,7.442,-0.315499575635072,0.598127367748353,-0.560135552291986,0.467015653914797,-0.549813825758356,0.705419912755232,-0.831344552132889,0.424157040149074,0.0243980444354977,0.0375420423883755,0.712451084713094,0.421140580402193
"8",29.962,60.076,29.962,-0.284756988144866,0.281950389377617,-1.02674258664105,0.352454411645463,-0.53105682220937,0.327217086307807,-1.6458995737752,0.208074800991443,0.0241064434100715,0.0165076090832417,1.48236315139,0.257537487088221
"9",127.707,254.586,127.707,-0.293475810775856,0.135149891583424,-2.17679165855177,0.119995791045862,-0.53782596486041,0.155685224773449,-3.46189943380016,0.0138582479125032,0.0239900754555068,0.00779291591662468,3.08971128182344,0.0340006704876127
"10",7.451,15.098,7.451,-2.09710477484257,0.521875375044431,-4.74672284393973,0.0265115453700845,-2.44073615070822,0.658263854535113,-4.31120923783644,0.0135616373806717,0.0377537655065924,0.0456400472649729,0.709106566119736,0.372432778388365
"11",29.994,60.012,29.994,-2.05092625012481,0.261574244724668,-8.06118942461502,2.06499590236321e-06,-2.38858091366903,0.315756340846967,-7.74249558487027,3.9845795470622e-08,0.038456393147475,0.0208407871766227,1.81392350399058,0.186351152877416
"12",127.504,254.992,127.504,-2.04787250092151,0.126213453608306,-16.3269181870758,8.96228425110299e-25,-2.38056200650798,0.150855791473532,-15.8561942597308,5.21528451070033e-32,0.0382909184087247,0.00983105506623062,3.88206160125795,0.0101044567907674
"13",7.454,15.092,7.454,-2.08160857347611,0.640913597747819,-3.86468200600113,0.0505465021789064,-2.41584025839748,0.765813214904545,-3.66253548314685,0.0266487753430838,0.0354657433174781,0.0459530772366402,0.655343814829383,0.404906058549289
"14",30.119,59.762,30.119,-2.07868613534501,0.316402864221872,-6.78203044768192,4.92329162110997e-05,-2.40511895007838,0.361181346037599,-6.83410879687544,2.3749551115532e-06,0.0370051399247928,0.0207537064643698,1.74832308155654,0.194381622762728
"15",127.706,254.588,127.706,-2.04894291942591,0.153340468895172,-13.4547546518386,1.94889624156738e-21,-2.38355310730848,0.173452780130813,-13.811410040729,3.91789717930877e-25,0.0385416527180469,0.0098249712970938,3.90422096375436,0.0108691337066396
"16",7.512,14.976,7.512,-2.10268991382264,1.18863446617751,-2.1439757083518,0.192264975456237,-2.40274114094677,1.26455513826246,-2.21893348171965,0.143412142896843,0.032550552359401,0.0449107724730362,0.593493061412237,0.385166046423874
"17",30.012,59.976,30.012,-2.05582926352933,0.599671720571726,-3.55331661419308,0.0160557510409568,-2.39345396687978,0.620895050938808,-3.95296843916354,0.00362156739485138,0.0379483878630751,0.0207138459404575,1.79161882748232,0.188071295870205
"18",127.852,254.296,127.852,-2.05272001724809,0.289285927776024,-7.14930659513647,9.9324563021733e-08,-2.38677096440361,0.297732065520545,-8.05880620316461,1.06950995735073e-10,0.0385168576337438,0.00985757471222323,3.89363106556413,0.00857066968087003
"19",7.535,14.93,7.535,-4.56006455160189,0.40646655760112,-13.0059487644547,0.000322275926285743,-4.54330723609265,0.485074115266193,-10.9909447821103,0.000477335557554207,-0.00692914229521842,0.0330907145665207,-0.500717047109899,0.396242554400224
"20",30.077,59.846,30.077,-4.48697460604744,0.221467877638212,-22.0921543008195,8.17218034086615e-19,-4.49032225410885,0.255666751051391,-19.1620625036925,1.71270175078905e-16,-0.000387139804869961,0.0165010482276801,-0.355592540930805,0.338023088401496
"21",127.488,255.024,127.488,-4.49651828933521,0.108551161417137,-42.4108398088007,1.59820972917438e-106,-4.48962322178775,0.124825582471802,-36.8175050291945,1.1549695395073e-89,-0.00110573612251643,0.0079400292742212,-0.324351875800381,0.362088019825137
"22",7.54,14.92,7.54,-4.56154337905787,0.506644273695404,-10.6070746689527,0.00110765910253403,-4.52816483411818,0.576245968019834,-9.32651911219303,0.000813619869385031,-0.00725277437183556,0.0339821093405679,-0.528883701876377,0.39008970267991
"23",30.07,59.86,30.07,-4.51254525255539,0.265697182566542,-18.5014233593471,1.15608109376407e-13,-4.50218049182402,0.293623531865518,-16.7167173383292,2.24261833931883e-13,-0.00243298667086433,0.0161402452921851,-0.47962481111601,0.339298016442089
"24",127.413,255.174,127.413,-4.50545522259859,0.132112288104256,-34.9108524595278,1.62495533389253e-75,-4.49841067640008,0.1458086239765,-31.5781655780212,6.39714854720558e-73,-0.00118700611277449,0.00791495300032733,-0.332065139537796,0.37047514062336
"25",7.511,14.978,7.511,-4.46981632553915,0.967054083989117,-5.53018184045419,0.0244895668259113,-4.47702879538107,1.01743182066737,-5.24484587883009,0.0152207045548777,-0.00523412365413431,0.0341767812582651,-0.466956326319919,0.395794331851288
"26",29.845,60.31,29.845,-4.52383981412388,0.50120068938899,-9.90031612266736,1.04767134117699e-05,-4.50832868962276,0.516140889858313,-9.53836176571516,2.62122034022982e-06,-0.00233378911050459,0.0160549391013304,-0.480764527699377,0.342098142748512
"27",127.544,254.912,127.544,-4.4998989062603,0.251180234938531,-18.366111319075,3.64807393125458e-28,-4.49462668257259,0.258493982427806,-17.7954744288664,5.84910930066964e-30,-0.000742872526411257,0.00791004107665963,-0.282253330911075,0.358297575183958
"28",7.523,14.954,7.523,-0.507167963175984,0.400865556444811,-1.31856427385241,0.316773840643291,-0.773590297565835,0.572321128710144,-1.3935709615042,0.279249724871506,0.027178656048163,0.0419720079699658,0.673207197290087,0.407882103403384
"29",30.02,59.96,30.02,-0.515945215047602,0.192835447414799,-2.69599851769293,0.0588533483145204,-0.782367364077685,0.267903819335659,-2.93028295023482,0.0266804561216302,0.0266895958942856,0.0187719204047165,1.42368352054284,0.274453990023194
"30",127.494,255.012,127.494,-0.534532816665292,0.0925747924858653,-5.78632572006964,2.90289639225915e-05,-0.800341273690323,0.127695692707555,-6.27464137309583,2.2479090106572e-06,0.0265828976054489,0.00887278948539583,2.99944156113885,0.0499276147298827
"31",7.507,14.986,7.507,-0.665128494510963,0.442918771027928,-1.54574120624734,0.248967033706776,-0.941456098781003,0.614096684188807,-1.57117079411633,0.239934259360059,0.0275322452372883,0.0424049789326109,0.673472922472981,0.438459408284914
"32",29.949,60.102,29.949,-0.674043504563364,0.21041281525151,-3.22721144816878,0.0205304068755201,-0.953529371210263,0.280647067479334,-3.41249428069534,0.0097722541894511,0.0282712965776008,0.018815981746765,1.50817777879093,0.258061118242086
"33",127.213,255.574,127.213,-0.677284147211929,0.100832527915029,-6.72941388396228,2.78843799455356e-07,-0.94739794332563,0.133862409736693,-7.08104557367848,9.94701286641625e-08,0.0269860338269646,0.00889570454406127,3.03410176090138,0.0487269817970489
"34",7.47,15.06,7.47,-1.18912199981056,0.673159803513682,-1.83264986132283,0.181792563140611,-1.49597437287269,0.799776638934831,-1.92513543802014,0.157086994132081,0.0318573761168779,0.0430974844391228,0.769243338267829,0.406954569767669
"35",29.942,60.116,29.942,-1.15620120867613,0.318253870023945,-3.6588025445979,0.00843450325545322,-1.42780673291219,0.368825505894738,-3.89205091924883,0.00590813277557727,0.0274312676704925,0.0188530389051414,1.46690561467866,0.262195281960901
"36",127.558,254.884,127.558,-1.15236766919297,0.152437482017668,-7.56928269039528,1.92028161539862e-09,-1.43297621929293,0.175990149333965,-8.14746054787145,1.33152868824704e-10,0.0278867728019332,0.00895077033579093,3.1172769007083,0.0383436252393922
"37",7.469,15.062,7.469,-2.54514362440879,0.54442280323244,-5.08336061684417,0.00714613951153571,-2.84744153824618,0.680892091621212,-4.50729551205629,0.00410726587619575,0.0339943443606345,0.0475724281893107,0.656010265678929,0.391387163827998
"38",30.027,59.946,30.027,-2.52468392639835,0.266501080989148,-9.65150774772451,2.39688928416762e-09,-2.8287917956245,0.320566526962352,-8.95092388210487,8.93847963059089e-10,0.0353816017336158,0.021297679201197,1.63798175365342,0.224978042074925
"39",127.581,254.838,127.581,-2.5005363509109,0.13025287263952,-19.2680634259961,1.44195166065373e-46,-2.82964818049986,0.155883267716574,-18.1978431019241,4.62727986700061e-46,0.038000730146297,0.0101960345403422,3.71491328902584,0.0146610418581496
"40",7.524,14.952,7.524,-2.87474894106416,0.673265035541563,-4.59342374558617,0.00561487102526336,-3.18846721744135,0.79182360956593,-4.30254913016256,0.00510644584807987,0.035405418360097,0.048267913002715,0.697742854059531,0.395909659825156
"41",30.122,59.756,30.122,-2.89062788122232,0.327223606986208,-8.97824883229581,1.10517441923888e-09,-3.20910474277029,0.375008121497266,-8.66072403478847,4.29195788673188e-10,0.0364903695184843,0.0216530559263453,1.66310455158697,0.209234812169612
"42",127.573,254.854,127.573,-2.87312078674201,0.158814558271592,-18.1523356680122,3.42806602415033e-42,-3.20548076401405,0.180428191817619,-17.8096972664418,4.09152963262352e-43,0.0382499812869715,0.0102660586285399,3.71795957450579,0.0122670538021003
"43",7.536,14.928,7.536,-4.19128820935678,1.27476992846802,-3.50854492365718,0.0202999138824087,-4.52334819281564,1.35781440948575,-3.527765459134,0.0167304710082948,0.0379615711883622,0.0483215293507247,0.742355452968911,0.389341843446921
"44",29.886,60.228,29.886,-4.18984354811033,0.633148270630631,-6.69504829921861,5.18199244666092e-07,-4.53764493858027,0.658879907189167,-6.94876174709754,2.25916475106457e-07,0.0389104392242194,0.0220100186243527,1.75551089548894,0.200595345088397
"45",127.645,254.71,127.645,-4.19035734511009,0.304712462614542,-13.7879939752453,2.09241206338907e-27,-4.54734827404684,0.315076697787768,-14.4593080497698,4.72177756152776e-30,0.0396391682236829,0.0103908547054809,3.80871087066202,0.0127703832107111
"46",7.475,15.05,7.475,-4.90428843269536,0.496616547026708,-11.0475619677572,2.18090872885391e-05,-4.88950678121091,0.596110571693387,-9.2130785892936,0.000336190949099333,-0.00373989150174023,0.0404981488936332,-0.28832477591624,0.401973535922981
"47",30.035,59.93,30.035,-4.85240369866063,0.25239295014775,-20.0741999433499,1.5077948723808e-20,-4.8587552624118,0.291037384323635,-17.4265983917813,1.80857337187982e-20,0.000427265184188135,0.0187803749096228,-0.162850795855127,0.381549942374908
"48",127.704,254.592,127.704,-4.86624492185124,0.122473762978727,-40.1835343708312,9.13175166219886e-106,-4.87194762352607,0.140961176752924,-34.9405478181633,6.13691409643222e-98,0.00059443860093974,0.00900686128052515,-0.0333624106595862,0.383781251862701
"49",7.468,15.064,7.468,-5.23435825620897,0.609809229653762,-9.61273236557799,0.00021341017192409,-5.20266546383556,0.70008884553108,-8.37917130796311,0.000323319746733913,-0.0047259913860843,0.0411900665652594,-0.344675215361316,0.389958375451974
"50",30.015,59.97,30.015,-5.18383014770502,0.310783054203053,-17.393566318589,3.73629951059139e-18,-5.18821438249719,0.34497750720222,-15.6596207037579,1.81818398548806e-16,0.000416007846736397,0.0190445684067266,-0.151304104761957,0.387683379856033
"51",127.518,254.964,127.518,-5.18988578922833,0.152129200619899,-34.4678748368455,5.57347942619113e-89,-5.19933467304313,0.168480818912904,-31.1499151068867,1.86607990588067e-82,0.00117299435747378,0.00917249001897788,0.036737191873758,0.372453204295337
"52",7.514,14.972,7.514,-6.33885063880357,1.20868620455654,-5.8665115930776,0.00220744155434141,-6.32114469641537,1.27681388377507,-5.53510834514944,0.00288956716361982,-0.000276512752101676,0.0419108064964078,-0.215446200608992,0.412694034093295
"53",30.157,59.686,30.157,-6.40601654954898,0.604546528479044,-11.0247206091362,1.42166990389623e-10,-6.4015117570276,0.626277313805824,-10.598958210964,3.32461446704245e-11,-1.26559108241063e-06,0.0193526383696048,-0.172320705777585,0.39043932753073
"54",127.602,254.796,127.602,-6.4115820398866,0.297194629047904,-21.7655451059383,6.645101755588e-51,-6.42143982134438,0.307345656173056,-21.0539850426109,2.66885240711436e-52,0.00149626598550132,0.00934365677137556,0.0745093185096828,0.375087290866411
"55",7.537,14.926,7.537,-0.546996500223606,0.689599687390189,-0.840747996541088,0.414128233114981,-0.804915055147916,0.797141682181534,-1.04124317990715,0.367025793824745,0.0382655155350858,0.0585535655339412,0.655162244307255,0.427050107363098
"56",29.893,60.214,29.893,-0.594967471234022,0.332626521318611,-1.81307572797134,0.183657804215238,-0.814475700975207,0.370576126290313,-2.20730530950763,0.0900859446868658,0.0343540027594524,0.026003204077771,1.30699751358079,0.282996262484031
"57",127.679,254.642,127.679,-0.586201422919739,0.161217124643654,-3.64739302940089,0.008606128292037,-0.807815806175542,0.17926716680159,-4.51006198587865,0.000437453872867275,0.0340833361670079,0.0124165187518259,2.73961705029577,0.0784535670045541
"58",7.459,15.082,7.459,-0.704644569584638,0.745515370030333,-0.985996136576044,0.37210578186986,-0.98699651701286,0.849059041334759,-1.17957893920063,0.327635097791629,0.0415355247366332,0.059520710140528,0.693520929326323,0.421516340908631
"59",30.161,59.678,30.161,-0.737751952551763,0.357751755486089,-2.0824836165726,0.130638394911197,-0.963305015435286,0.394758890901592,-2.44470470550211,0.0601423938145656,0.0348453111659179,0.0263428119651154,1.31421445170957,0.293686790889117
"60",127.722,254.556,127.722,-0.716430582549254,0.172018563505479,-4.17710947919289,0.0029518587071856,-0.944936845719503,0.188863654218728,-5.00711536889683,0.000123882279063766,0.0352805253715405,0.0124673263549928,2.82385771784795,0.0770434361900293
"61",7.516,14.968,7.516,-1.14146049063396,1.04354158664068,-1.13836059793336,0.348980172075345,-1.44174760750353,1.11806597869924,-1.32026040237008,0.299130176458604,0.0467880624471969,0.0598440151441788,0.78477678130988,0.392494451708904
"62",30.097,59.806,30.097,-1.16753128314508,0.495084905494083,-2.38483488487143,0.095382303793075,-1.4036236233004,0.518911740067645,-2.71333759037439,0.0498448924053031,0.0373970818158626,0.02638747760993,1.40315677108733,0.275078020153437
"63",127.524,254.952,127.524,-1.14854554161814,0.236605753839173,-4.86544444807493,0.000480304503853863,-1.38567434614965,0.247955292914484,-5.59272703311819,2.41472202054854e-05,0.0369551555875584,0.01247545994488,2.95601507857133,0.0626131231325558
"64",7.483,15.034,7.483,-2.4195370536498,0.795734449801679,-3.16780358433157,0.0421903675602862,-2.53520313737837,0.858416230077697,-3.05210759112101,0.0391396428346161,0.0217775384185935,0.0581033108751409,0.341210708583219,0.435451125461567
"65",29.961,60.078,29.961,-2.4464554291389,0.384535687126425,-6.41966989353413,1.27093505642188e-05,-2.57402375199641,0.403871567451052,-6.41035083721666,1.64162927858839e-06,0.0265995261092257,0.0260250625517118,1.00056269019111,0.349575335738096
"66",127.75,254.5,127.75,-2.43681072885917,0.185172778503325,-13.1847996716903,1.23547909897498e-24,-2.55930428555992,0.194191824724945,-13.1943401249586,2.70146326416308e-26,0.0249975138706994,0.0123755860219755,2.00610442564658,0.169128065950224
"67",7.471,15.058,7.471,-3.04608999534395,1.00201129295702,-3.15013454766521,0.0337006185335477,-3.19822798945764,1.05385460262298,-3.11773886979,0.0314438610210483,0.0307930722648172,0.0595772426506056,0.494087090762703,0.427893247021502
"68",30.033,59.934,30.033,-3.05008991194243,0.479648907600721,-6.40854100293649,7.34711312525563e-06,-3.18566319619245,0.493967817449398,-6.48208023679578,3.32502508393205e-06,0.029915919715323,0.0266834577291052,1.10382754053646,0.336313090131947
"69",127.731,254.538,127.731,-3.05476118781587,0.231417514305978,-13.2235401810477,7.84020724639987e-23,-3.1836570400689,0.237577109629223,-13.4155085276736,5.81977576355036e-24,0.0283359997945933,0.0126504467993053,2.2325288115539,0.133889777947966
"70",7.474,15.052,7.474,-5.43139310908994,2.01222262691043,-2.79904101743609,0.0545405746030435,-5.50758330297318,2.05110818043764,-2.76755390533631,0.0564919279760175,0.0367296992894686,0.0618557197729151,0.58862212330096,0.434061138324341
"71",30.062,59.876,30.062,-5.28681453971042,0.940264551355222,-5.66832302452372,5.53418265019125e-05,-5.38614588795124,0.943102738010231,-5.7491807065492,2.67025034273539e-05,0.0321582153211212,0.027291953314714,1.16884363891009,0.322318677475131
"72",127.78,254.44,127.78,-5.26823217331549,0.449123832308565,-11.7515544659346,1.06963956287225e-18,-5.37908864637341,0.449057368500522,-11.9973431086662,1.97833651244521e-19,0.0326136289975497,0.0129353715578324,2.51662322046926,0.0869941102857975
"73",7.529,14.942,7.529,-4.41683928375191,0.853696447639661,-5.39663952197696,0.00159742233878352,-4.41467722987324,0.885157493597406,-5.19207898078706,0.00185579100246887,-0.00423423438891651,0.0577357054537453,-0.145200278096215,0.436753974240143
"74",30.067,59.866,30.067,-4.45431270735303,0.412464798445629,-10.8939970352413,4.37381909761881e-13,-4.43772420131906,0.421690708553052,-10.6042987929466,3.4962419211983e-13,-0.00536218708014366,0.0263177048521724,-0.252099117520292,0.420488049768757
"75",127.204,255.592,127.204,-4.45998191523298,0.199095726374085,-22.4410758507462,4.53235222631981e-62,-4.44642002800506,0.203078739227631,-21.9285569924693,7.11326061575827e-60,-0.00432835971994086,0.0125067607805154,-0.36740971863105,0.428626817413689
"76",7.441,15.118,7.441,-5.17016430458564,1.14413570067619,-4.70143059933004,0.00348700927903654,-5.1848999595452,1.1811506603968,-4.56195265065589,0.00360713422538546,-0.000797165111159492,0.0612036069184384,-0.0657472919629732,0.457004458406933
"77",30.032,59.936,30.032,-5.18828761181155,0.542051874207358,-9.64583432561016,8.15275433702592e-12,-5.18248397986415,0.548515690976158,-9.5138537429354,7.67495244158412e-12,-0.0015705334474291,0.0273548688220331,-0.0896054385342177,0.446804813962918
"78",127.533,254.934,127.533,-5.18718925038369,0.260718117551905,-19.9296397891223,1.18443768603859e-50,-5.18096928189131,0.26302397622228,-19.7270047269788,1.3848514919981e-50,-0.00237504134774407,0.012989119956412,-0.200320846730087,0.437769475090767
"79",7.481,15.038,7.481,-7.75154254310915,2.39291561832759,-3.371163244343,0.0255112138679012,-7.70632507476559,2.44390927206961,-3.28255699320037,0.0286838415263113,-0.00229454854078675,0.0642150530004124,-0.0848389014089496,0.460058672501354
"80",29.971,60.058,29.971,-7.90291692922679,1.13898878631616,-6.99785454297277,8.35778828470322e-07,-7.88838821434189,1.14310364381798,-6.95984918389246,1.2550732520697e-06,0.00238221525366529,0.028577047593317,0.0505917344706186,0.467832721440766
"81",127.843,254.314,127.843,-7.87623687358433,0.545160315543943,-14.4754112943812,6.09164493905606e-29,-7.87278179254884,0.545608473826943,-14.4568466446884,5.12373649854987e-29,0.00140725271185009,0.0135020944428828,0.0887294177317151,0.447220619226301
"82",7.509,14.982,7.509,-0.0982765475489722,0.959504968292522,-0.106608091093607,0.500987932090878,-0.361290243809131,0.980286826063143,-0.36981268914641,0.483148361713812,0.0754459502231258,0.0716890075567442,1.11844423608451,0.351321038890774
"83",30.091,59.818,30.091,-0.0825556954446856,0.462390300361287,-0.183988635946785,0.491558605728958,-0.33698606310817,0.463951462122015,-0.72955536453994,0.430351327177591,0.0768071829714153,0.032238252167477,2.39505854346119,0.113792117330577
"84",127.299,255.402,127.299,-0.0737417147956635,0.222755420380916,-0.335833098406773,0.476694166088548,-0.321526342496289,0.223009588512455,-1.44432425577517,0.254887457330187,0.0765894929731544,0.0153481467750937,4.99721366704183,0.00280436858320402
"85",7.499,15.002,7.499,-0.188352394916722,1.0155596532816,-0.192953733832347,0.471688204294905,-0.460803373670423,1.03689260464939,-0.453997607199857,0.464426676859461,0.0732453865845974,0.0721599183064286,1.07045952288896,0.347152509827661
"86",29.924,60.152,29.924,-0.170570315759871,0.486865920465392,-0.356903541488946,0.479688560384854,-0.419654449556974,0.487238070738708,-0.86591519156873,0.404607720486493,0.0767306516838905,0.0324260687125031,2.38724055764374,0.121765313975099
"87",127.466,255.068,127.466,-0.130747403409839,0.23552080430723,-0.560002148241702,0.422570166199977,-0.378816122445619,0.235125638262837,-1.61320765686848,0.213632967754938,0.077111024790343,0.0154222370136157,5.00874574094198,0.00221621510659252
"88",7.485,15.03,7.485,-0.458020998094987,1.34624365174183,-0.354822567522459,0.477744377833815,-0.728193377226884,1.35524670776522,-0.547924925883994,0.459182227269827,0.0722847066582736,0.0719883374916965,1.06605883119946,0.348022194185892
"89",29.964,60.072,29.964,-0.316622091811891,0.648532290022177,-0.494279640827649,0.456600939356689,-0.563603215072049,0.642562435962174,-0.879326260396708,0.395517466845688,0.0778007843498314,0.032541223267831,2.41558970859387,0.115107315054922
"90",127.646,254.708,127.646,-0.302424481955394,0.310396979068466,-0.980848380815448,0.358243984137257,-0.538175031522089,0.306579369472458,-1.75914953599348,0.195131571525285,0.0777586544071226,0.0154230814316381,5.04905093467687,0.00164587073321339
"91",7.523,14.954,7.523,-1.35876676173896,1.16565067568764,-1.21283636744664,0.323140025323251,-1.50821916728528,1.17711723635646,-1.33149879782709,0.30036643742634,0.0606911566215254,0.0742751903059904,0.839091748202098,0.390280018329788
"92",29.923,60.154,29.923,-1.4129062554529,0.556200365475609,-2.55833157866661,0.0780285379310289,-1.54851740011214,0.552582958587076,-2.81730609739657,0.0473847425588924,0.0644352285161934,0.0338178731800307,1.91144512256672,0.183070902101902
"93",127.371,255.258,127.371,-1.3829856969674,0.26821510230894,-5.16694669864281,0.000490612171251457,-1.51240080548895,0.26564094946667,-5.70122369246919,5.08247203445683e-05,0.0666785256447585,0.0160866136220121,4.14609217335003,0.0122155391543747
"94",7.501,14.998,7.501,-1.71923842611261,1.44942937489342,-1.23138635497405,0.308195489321176,-1.8338160525641,1.45153379396616,-1.30364552335242,0.29582583784738,0.0666323760319148,0.0757579553983935,0.912523109118618,0.356614481919062
"95",29.83,60.34,29.83,-1.70292769398293,0.68791898064967,-2.49858840734574,0.0894315517646266,-1.80504510545659,0.678704454805579,-2.67661383083214,0.0638499639035909,0.0703810804143442,0.0343635203853072,2.05963153496051,0.166697337121653
"96",127.743,254.514,127.743,-1.72655844715576,0.330782236012771,-5.23158919992494,0.000322473243651952,-1.83099906232147,0.325893178937269,-5.62687631961526,6.08106530403569e-05,0.0702424375888313,0.0163300261174007,4.30591664088573,0.0079231858632279
"97",7.466,15.068,7.466,-3.12181337544977,2.82381251582823,-1.15732068487761,0.33797304223898,-3.14413902480622,2.82069411116323,-1.15793066261995,0.340985244129095,0.069853125679584,0.0774952091213147,0.93241828856745,0.356742314695605
"98",30.149,59.702,30.149,-2.97920997152888,1.30710103011542,-2.3092029850866,0.111286890296209,-2.99814873606327,1.28626454742511,-2.3498440694947,0.0981662042748437,0.0744792731638468,0.0348768501249905,2.14857692638151,0.151323396993115
"99",127.302,255.396,127.302,-3.0207742478929,0.626518747705498,-4.83762450227305,0.000745959564528892,-3.01083543354342,0.615392064728415,-4.90219653781578,0.00053844325227457,0.0729576481030345,0.0166372313254132,4.38875365098559,0.00683706081531074
"100",7.481,15.038,7.481,-3.0886569583138,1.33227289445676,-2.41547744460322,0.108063247401447,-3.13836718294025,1.33734907028921,-2.44544102892085,0.107704541668126,0.0403389105927959,0.0779183317844353,0.517251160773437,0.404506072244551
"101",29.952,60.096,29.952,-3.11154011005286,0.637557089597281,-4.92517830264256,0.00113862205804032,-3.11554052966567,0.634939899683521,-4.94752291478481,0.000916078869054821,0.0409624654408015,0.0354953966703377,1.15558176243825,0.313814033848746
"102",127.597,254.806,127.597,-3.10729372818404,0.305239333734951,-10.2028871159487,1.60274103834067e-13,-3.10165311890173,0.303293063005384,-10.2468901486231,6.65632274036805e-14,0.0446509999594279,0.0169127439980331,2.63571568478461,0.0927516863901385
"103",7.423,15.154,7.423,-3.68627049514258,1.80252230342757,-2.14353030139589,0.145145520762445,-3.66388029136641,1.80874553771816,-2.1176254187237,0.151876093936917,0.0472676243501254,0.0812570430986571,0.596123006212591,0.396419137276275
"104",29.981,60.038,29.981,-3.699544228178,0.856583249655908,-4.36278497057393,0.00357299165212071,-3.64274308553936,0.854166541595284,-4.30415907264024,0.00387340033113788,0.047385274625703,0.0370229238685018,1.28267509932034,0.294782636611832
"105",127.287,255.426,127.287,-3.71198700358699,0.408917525347372,-9.10015328904537,1.18209454348888e-10,-3.64888609448748,0.406841861892664,-8.98826821511767,1.51489213785341e-10,0.0479075483101382,0.017526752113166,2.73393769705668,0.0763413047289213
"106",7.511,14.978,7.511,-5.5669221357545,3.89494175502851,-1.52706324696397,0.254654709680741,-5.22099515089237,3.95807356906877,-1.4041674633452,0.286958485564866,0.0537713112795835,0.0838681449684437,0.662178964981437,0.417847757945579
"107",30.043,59.914,30.043,-5.81897050445038,1.80134116804964,-3.26936960189579,0.0286881631783663,-5.5135336794595,1.8079520734704,-3.07838292207271,0.0349726900397411,0.0512904384340241,0.0381324303569425,1.35065210584083,0.285958607440355
"108",127.868,254.264,127.868,-5.84998997263131,0.859879253542178,-6.82586719704763,1.4547527035336e-06,-5.54146321374414,0.859522335275619,-6.46478767134052,3.71923750284444e-06,0.0533971403778717,0.0180991817403125,2.95177870716443,0.0568300765526466
"109",7.48,15.04,7.48,0.00997998524155906,0.255188708871362,0.030464110641239,0.499344657204158,0.00275409478578736,0.411587827597903,0.00817392223408984,0.524362310293478,0.000495560508557432,0.0307184122899521,0.0177223350698421,0.479341387626591
"110",29.976,60.048,29.976,0.00542647769664719,0.120389999049057,0.0469883806000607,0.516722606668844,-0.000609872925400908,0.185797227217397,-0.000496097132938684,0.520336914121597,0.000541579073248011,0.0133103159968903,0.0385754003509968,0.463565764561194
"111",127.302,255.396,127.302,-0.000193636423985627,0.0578798384818073,-0.00306171883170416,0.497914637942738,-7.0401313475517e-05,0.0886695778139873,-0.002317760568813,0.497192188060148,4.3782651047278e-06,0.00628811308192046,-0.00014338483557723,0.463122468194223
"112",7.539,14.922,7.539,0.000128971209333676,0.253683280939413,-0.0011979924467913,0.514820134889699,-0.00588063628624062,0.409674955672252,-0.00955359124393839,0.537860108149125,0.0001864260009436,0.0305083485611576,0.0196953859981471,0.478001581825721
"113",29.891,60.218,29.891,0.00185717964937547,0.120858708699844,0.0159952246926218,0.505394535466913,-0.00177922414900396,0.186682481246472,-0.0100434363140153,0.530090441809845,0.000370843238106646,0.0133603265342552,0.0240668198345009,0.481567518346688
"114",127.479,255.042,127.479,-0.0001559263608532,0.0578860578559631,-0.00469625857432535,0.499115980319221,0.00117141884806418,0.0887893696055621,0.010627214597558,0.513682493753962,-0.000116743925954597,0.00630256574544266,-0.017504275029659,0.475064953656973
"115",7.441,15.118,7.441,-0.0145177673441529,0.255045484094313,-0.0535611945343939,0.497221784819305,-0.00213257724859506,0.406738471032118,-0.0143487680229347,0.531097777984857,-0.00121899395300575,0.0303721768362113,-0.0295404420354485,0.48696887954224
"116",29.972,60.056,29.972,-0.00179249587197149,0.121098721299495,-0.0128512607010108,0.50541572794446,-0.00663099199265191,0.187136722057249,-0.0365752333175805,0.518505262668688,0.000482143350267842,0.0134189625579264,0.0380692592949767,0.479055881932462
"117",127.556,254.888,127.556,0.00174254995447167,0.0578924903466668,0.030743842786143,0.483100913891458,-0.00267462506357513,0.0887965359984415,-0.0302641845270995,0.504458902430497,0.000416799462652153,0.00631051100107818,0.0671092868038128,0.472995224401098
