"","condition","ResSE_sib0mean","ResSE_sib1mean","ResSE_sib2mean","ResSE_sib3mean","ResSE_df_sib0mean","ResSE_df_sib1mean","ResSE_df_sib2mean","ResSE_df_sib3mean","ResSD_MLM0mean","ResSD_MLM1mean","ResSD_MLM2mean","ResSD_MLM3mean","ResSD_MLM4mean","ResSD_MLM5mean","ResSD_MLM6mean","RMSE_sib0mean","RMSE_sib1mean","RMSE_sib2mean","RMSE_sib3mean","RMSE_MLM0mean","RMSE_MLM1mean","RMSE_MLM2mean","RMSE_MLM3mean","RMSE_MLM4mean","RMSE_MLM5mean","RMSE_MLM6mean"
"1",1,1.68502457883913,1.694313887935,1.66564664015622,1.68648151071475,25,24,24,22,3.25235249744649,0.983550955969523,0.982926298476924,1.38878440928148,1.38794659684384,1.37958224504799,1.38646226811942,1.53820995296805,1.51544041145785,1.48979964555338,1.4442164829833,2.96388546461972,0.782677830755503,0.773758416057368,1.18933896411885,1.17870076381137,1.23273062312218,1.21975741055575
"2",2,1.70810908161746,1.7101143110149,1.69107908871646,1.69526149055143,115,114,114,112,3.3144820624931,0.998407830277044,0.998409346297169,1.41169519836334,1.41160077547474,1.41135536340122,1.41345568638982,1.67214486262147,1.66681324955769,1.64826000985263,1.6377781961925,3.0347258364206,0.802239977380807,0.800094378582497,1.22094771613992,1.21809905777513,1.28552463608413,1.28291160455808
"3",3,1.71628495445494,1.71683532535648,1.70019699350931,1.70136399624601,505,504,504,502,3.31778179918205,0.998856346049325,0.998791696770149,1.41584940772182,1.41582005499956,1.41581125667563,1.4163022695218,1.70785107071501,1.70670641497841,1.69016624523778,1.687967220872,3.03180769691468,0.803723171692003,0.80313767253263,1.22583296110429,1.22518979895194,1.29174927702763,1.29113216969003
"4",4,1.69559514269103,1.70413030333174,1.67722033223063,1.69695130168001,25,24,24,22,3.27943322514691,1.00073560856927,1.00060890593446,1.40406638025581,1.40175332303518,1.39528691844662,1.39982211913772,1.54785951341345,1.52422048030684,1.50015147044499,1.45318227631655,2.78704179832958,0.776614290296297,0.767728127776499,1.20679596485323,1.19402023287856,1.24974278743281,1.23421921678778
"5",5,1.71675859640331,1.71877217659013,1.69902140965157,1.70325781763073,115,114,114,112,3.31112826609718,0.996625458233762,0.996523945339825,1.41028199790059,1.41030232900286,1.41026641281279,1.41221871146075,1.68061226196322,1.67525189308036,1.65600122673013,1.64550338207862,2.80305966531515,0.779531225221924,0.777179410302151,1.21834336137536,1.21582526267132,1.28274770120925,1.28022040178351
"6",6,1.71661704920381,1.71717771213597,1.70039680438452,1.70145919720823,505,504,504,502,3.31650162449656,1.00166627658806,1.0016348668244,1.41812352619871,1.4180415176844,1.41810412894605,1.41845455242196,1.70818153353878,1.70704678175927,1.69036487727748,1.68806167220867,2.8046515649907,0.786454104898001,0.785893390074165,1.22853626334983,1.22781329295904,1.29510938773733,1.29434983725563
"7",7,1.69574529883791,1.70604914060781,1.67581439753032,1.6990882102512,25,24,24,22,3.27780932103582,0.99014203409964,0.988882383111758,1.41283772456619,1.41180763310655,1.40423011382772,1.40721073385196,1.54799658659477,1.52593674054166,1.49889396422026,1.45501221548963,2.44951173973661,0.713677567891116,0.702279356848342,1.21904605924308,1.2095229544183,1.26120124674019,1.24479063884997
"8",8,1.70289759759833,1.70555420115338,1.68617423607865,1.69101724541975,115,114,114,112,3.30614007401923,0.993885405588216,0.993459096654453,1.40757288991354,1.40735645367492,1.40732295617818,1.40783340987376,1.66704310634431,1.6623686042567,1.6434793508574,1.63367786584541,2.46625164821851,0.728087158334263,0.725134394855349,1.21654270145697,1.21437304912668,1.28005173722566,1.27620469942419
"9",9,1.71036428156843,1.71081512748321,1.69429739816376,1.69523795618912,505,504,504,502,3.3079895654562,0.998005266581817,0.998034096188859,1.41320623295962,1.41316769860193,1.41321202599359,1.41331842965246,1.70195949222024,1.7007217348067,1.68430145606824,1.68188941810163,2.46501206531335,0.734453444544438,0.733860096091316,1.22370270026629,1.22315644115141,1.28955595062789,1.28861142866611
"10",10,2.27886956065351,2.2826289577998,2.23554151536715,2.26970135997273,25,24,24,22,4.30813222029172,0.98756399026043,0.987019093316136,3.10693531724976,3.09721735649509,2.58179493233935,2.60250311748438,2.08031377330302,2.04164540681994,1.99952911795353,1.94365612353082,3.93522685836457,0.73147130394921,0.721331806620969,2.87339894798721,2.83783496007598,2.49425086972881,2.46895124068183
"11",11,2.40024330539901,2.40195779334085,2.36378815494493,2.37232726302523,115,114,114,112,4.3479414642931,0.995286868869387,0.994949701145497,3.14655603032378,3.1455970763686,2.55544497768092,2.55962435345217,2.34970620750051,2.34113886366044,2.30393570209436,2.29188587558367,3.97218902135388,0.749700415801904,0.746969598272728,2.9876639531237,2.9800401174367,2.53406012492247,2.52742653899491
"12",12,2.4109371182988,2.41128967329799,2.37506198569343,2.37700573492042,505,504,504,502,4.35852862334274,0.999616143664374,0.999710117987657,3.16003857258028,3.16001188484242,2.55069455002345,2.55155476957256,2.39908968975424,2.39706365136352,2.36104969829455,2.35828886306716,3.98232303809139,0.756420592814432,0.755925311243629,3.02275000872051,3.02126160430106,2.54568827522678,2.54403912800527
"13",13,2.30365105049795,2.30524463883662,2.26460003575016,2.29364281248655,25,24,24,22,4.36197035062392,0.991518662438516,0.990925086423482,3.10263503909868,3.09332485869697,2.58495086397231,2.60524309496751,2.10293607496367,2.06187348688225,2.02551984871432,1.96415835858489,3.71886790598383,0.704844708729453,0.693604230634638,2.86338889667953,2.82935977164769,2.49727278323194,2.47140589139674
"14",14,2.39166712664876,2.39359735675596,2.35804958894879,2.36701654068286,115,114,114,112,4.35908999000131,0.99634591019842,0.996466451867182,3.14299280067661,3.14247860614743,2.55077536697722,2.55543118412799,2.34131060010489,2.33299011805786,2.29834243983452,2.2867552303665,3.69372064622477,0.723184678372803,0.720594985045392,2.98319809062955,2.97675432100835,2.52942959114596,2.52328611603866
"15",15,2.41157417796855,2.41203142879071,2.37491217190764,2.37691033266334,505,504,504,502,4.35410434577482,0.999037738096686,0.999083029598755,3.15930319092128,3.15903005480938,2.5509503654894,2.55194189324989,2.3997236188907,2.39780103067944,2.36090076837361,2.35819421202064,3.67932226277864,0.728874635440098,0.728278671355719,3.0200258415891,3.01814643440222,2.54594358860104,2.5444251114042
"16",16,2.2529539591011,2.2569792754719,2.21692348567966,2.25083705894994,25,24,24,22,4.35410133973031,0.991052671055257,0.991070091355248,3.09961469827573,3.09136259110212,2.58200707824688,2.60720426995069,2.05665617403374,2.01870363350536,1.9828766459582,1.92750170125937,3.25648709775819,0.683243821724515,0.671431876910853,2.86346345126668,2.83131451944991,2.49445582214689,2.4734111455082
"17",17,2.38794230178482,2.38918143770497,2.35223967581279,2.36038964456816,115,114,114,112,4.35610636029558,0.999799738257487,0.999752518503757,3.14893667311276,3.14831857321562,2.56027673138339,2.56547452536921,2.33766420138982,2.32868601257454,2.29267963698474,2.28035304048276,3.24870229190784,0.705980602409125,0.703033325517041,2.99340882525637,2.98672920657359,2.53885144482871,2.53320312091439
"18",18,2.41055784265702,2.41092631838153,2.37440255211381,2.37634273916338,505,504,504,502,4.34737953280259,0.999417874148746,0.999344581949226,3.155379752094,3.15528099600492,2.5481652703697,2.54944374588521,2.39871227788612,2.39670244015259,2.36039415521247,2.3576310878304,3.240093977553,0.709917480328864,0.709183727365734,3.01277990156838,3.01116819994006,2.54316395981658,2.5419343223688
"19",19,1.68564948332204,1.68900309164811,1.65828435320621,1.66911379000024,25,24,24,22,5.86396967352351,0.993379038282738,0.992432302021894,4.95024111209982,4.92224891657956,3.86953165297491,3.90195271890373,1.53878041010401,1.51069029085299,1.48321461591734,1.42934365552069,5.3567397882966,0.70634540528308,0.694828088983498,4.61584713289858,4.54075077930107,3.73832273430431,3.70171737420676
"20",20,1.91133395373186,1.91189466624704,1.90084985089646,1.9045579099106,115,114,114,112,5.89304559953752,0.998896906661049,0.998959351433886,5.04468236567628,5.0414397514822,3.82099412458046,3.82850824293368,1.87109083716146,1.8634844120847,1.85271925770486,1.83997774716331,5.37363269198869,0.725320794308966,0.722691465616869,4.87173526130969,4.8567121908417,3.78901871620394,3.78034898945267
"21",21,1.94524950896535,1.94546608752284,1.94243031559621,1.94351203879694,505,504,504,502,5.90657857490864,1.00044155981833,1.00038327155698,5.08179313176357,5.08169588642768,3.81022329248887,3.81208923809516,1.93569048547035,1.93398831131853,1.93097044970707,1.92820855625122,5.38911900235011,0.730390400452823,0.729713591147273,4.970129691608,4.96750267010982,3.80274492749267,3.80086067397508
"22",22,1.71303189957842,1.7111589695933,1.68413917846725,1.69244065512718,25,24,24,22,5.88497999744771,0.995232391223907,0.995654528580389,4.96098870089648,4.93616344519754,3.87631645669452,3.91651006998926,1.56377702187504,1.53050711052764,1.50633987464937,1.4493195893798,4.99187964409692,0.691342358331457,0.680061857513142,4.63295323849126,4.56212795202289,3.74487747742763,3.71552769004546
"23",23,1.87932153809933,1.88061111846966,1.86832049248172,1.87258727255425,115,114,114,112,5.89985996632875,1.00082627463943,1.00076376368948,5.04108210226493,5.03878006156809,3.82041187266904,3.8294958479175,1.83975244260802,1.8329929814285,1.82101356104115,1.80909117711353,4.98588193738213,0.711989669139221,0.709089606468824,4.86810293491675,4.85486742436471,3.78844133677911,3.78132417123776
"24",24,1.94314676159284,1.94318350055764,1.9404574742747,1.94139479219921,505,504,504,502,5.9248490670696,0.999684884792736,0.999628978282819,5.09070676599738,5.09054488560216,3.81622010878305,3.81838339851803,1.93359807107129,1.93171919106063,1.92900924766898,1.92610798114598,5.01096549813891,0.715365496408836,0.714657643058279,4.98393991682055,4.98119654457676,3.80872997377298,3.80713629485717
"25",25,1.72580257443378,1.72726328813499,1.69584581019781,1.70565093714279,25,24,24,22,5.87215152889482,0.994793317984821,0.995190304846495,4.9618045645223,4.9458410830116,3.88525221250376,3.93675837691644,1.57543499969645,1.54491125092386,1.5168106043842,1.46063219904115,4.38137197249592,0.68198413072476,0.670159963211093,4.63610068563322,4.57705519554553,3.75351023769054,3.73473692064107
"26",26,1.86110078108538,1.8612792677481,1.85076224151201,1.85441490549157,115,114,114,112,5.92522075519706,0.994368150059959,0.99458359031745,5.06003939354054,5.05897083681293,3.83933678275638,3.85138526638174,1.82191532344401,1.81415062409973,1.80389989491552,1.79153500261518,4.41979947546748,0.699079444611075,0.696293969558964,4.89957019903765,4.88748149742617,3.80720787663378,3.80293824014404
"27",27,1.94315131335247,1.94337815576924,1.94008444111467,1.94114006044534,505,504,504,502,5.91374802878958,0.999831791459239,0.999791340031326,5.08494662502841,5.08468861690295,3.81212819310679,3.81484367568922,1.93360260046341,1.93191269785387,1.92863841531376,1.92585525518516,4.40850468672929,0.707339161720323,0.706620700337857,4.97506354537447,4.97240934622153,3.80464608934228,3.80360699833328
"28",28,1.96536288191889,1.9069301880081,1.93404946349238,1.77665945632121,25,24,24,22,3.41194551628685,1.39881358551196,1.07396409569288,1.7064731158826,1.69961527124769,1.69342502954434,1.56039738616679,1.79412264018389,1.70561021149303,1.72986642888638,1.52144026196871,3.12144027990921,1.1792659583756,0.855792154453943,1.50564992932843,1.48527739669805,1.53663665939023,1.37562843044397
"29",29,1.99790084791015,1.93911625281053,1.9780475600511,1.79272673302272,115,114,114,112,3.44983093621528,1.41003373264935,1.07957870554274,1.72382002051318,1.72243670544803,1.72221702212039,1.57798237804098,1.95583506628075,1.89001673268208,1.92796227720692,1.73193856607984,3.16096863779433,1.19989793429577,0.874658422776867,1.53919559946583,1.53449088408533,1.60364530268799,1.43830574386377
"30",30,2.00078547281902,1.94200187550006,1.98232148262291,1.7905177132635,505,504,504,502,3.46408877541302,1.41443892947283,1.08048336483177,1.73337179829313,1.7330214809816,1.73334680386744,1.5861688733544,1.99095354367318,1.93054453730317,1.97062626856163,1.77641892919335,3.16510985172572,1.20534022414451,0.87901878601658,1.54978985155216,1.54860899868594,1.62049564607482,1.45449353668475
"31",31,1.97574126361276,1.92120632563569,1.95043444973616,1.79440208990269,25,24,24,22,3.44487100849987,1.38724449873279,1.15991426605792,1.70329884549903,1.69917097426464,1.68869583340585,1.5712063481105,1.80359676312412,1.7183791771696,1.74452160610698,1.53663414562953,2.94381391531506,1.13013478048326,0.906178421625794,1.50443643413483,1.48771315805216,1.53404371342987,1.38193701768958
"32",32,2.00145276191945,1.94351880427415,1.97939836321416,1.79563822386296,115,114,114,112,3.44684150845515,1.4114586444604,1.18334303029743,1.73054606377121,1.72934889077351,1.72847597752442,1.60114197053289,1.95931219477742,1.89430780905292,1.92927887726999,1.73475133345711,2.91712335254704,1.16448005594612,0.94528722571133,1.54531453490842,1.54085025667961,1.6095699045849,1.45228014961123
"33",33,2.00546103857631,1.94725965488089,1.98670740388648,1.79646876598893,505,504,504,502,3.45939698197299,1.41201086743703,1.18858009967114,1.73099253775491,1.73086004442451,1.73095225428769,1.60106599798975,1.99560613353831,1.93577129706589,1.97498631395769,1.7823231225067,2.92619425378859,1.16804765789277,0.954909159565118,1.54760842790372,1.54674367330969,1.617916272616,1.45909068325579
"34",34,1.98647655693609,1.93337984485842,1.95791731052641,1.80423766741901,25,24,24,22,3.41859118366245,1.39662817400138,1.33037355847797,1.71718637634391,1.7145715728696,1.70332025927708,1.6473350981121,1.81339670031515,1.72926750377257,1.75121448026425,1.54505683101236,2.55622113694263,1.03910175348358,0.970737803647802,1.52194952054925,1.50736628578592,1.55501689065959,1.46228676126775
"35",35,2.01526017467594,1.95736938162979,1.99402287640622,1.80963447854324,115,114,114,112,3.47418939956441,1.41387498177066,1.34572561084697,1.72996383247351,1.72937853498743,1.72824781705669,1.67152959717296,1.97282889260155,1.90780768195714,1.94353308951759,1.74827300009761,2.59257772802791,1.0670876524306,1.00681804323333,1.54546373764092,1.54193655375682,1.61057309572609,1.53036117953968
"36",36,2.02030871812424,1.96176971932099,2.00054295974068,1.8109522948353,505,504,504,502,3.46170459998055,1.41426190209162,1.35119636134024,1.73282149637952,1.73273916553898,1.73281766384998,1.67862213831739,2.01038085107443,1.95019575565893,1.98874024340125,1.79669260604412,2.5806704548383,1.07108922500982,1.01749310095807,1.54996350289541,1.54930738311516,1.62105334809825,1.54727545538135
"37",37,2.39624661697853,2.38568355918959,2.35699062742698,2.26475882155188,25,24,24,22,4.3846311314008,1.3909931017813,1.06256258343799,3.23118373671913,3.21715218808143,2.75629285071072,2.69945788691801,2.1874638757743,2.13382024446062,2.10815650610264,1.9394235864945,4.00124807724397,1.07988624735928,0.782095398479645,2.98648811520789,2.94347223719616,2.66264432645878,2.56055827447549
"38",38,2.47238589806757,2.47011498193321,2.43899035051041,2.33949925474986,115,114,114,112,4.45443029065495,1.40390299501412,1.08140064205042,3.29514832086034,3.2935820191442,2.74081915977961,2.66930070957256,2.42032983862873,2.40757027369345,2.37723373553985,2.26017100653398,4.06758530972692,1.10387433968065,0.817600372171878,3.13685705361344,3.12832289718143,2.71788303136309,2.63572326338928
"39",39,2.52462680072283,2.52292547080335,2.48990375337705,2.38545858238494,505,504,504,502,4.47010827357689,1.41156660379911,1.08634500347079,3.31099053923571,3.31094010330637,2.73684112137969,2.66198582620377,2.5122206971392,2.5080408248464,2.47521392751227,2.36667515164188,4.08397554794478,1.11485361172421,0.827506273992287,3.17581578083994,3.17427345177589,2.73146949476594,2.6541449083581
"40",40,2.45407581743441,2.44938727347724,2.41148994830288,2.33498106326026,25,24,24,22,4.41915808031097,1.38941032726152,1.16639885550463,3.22970983090535,3.21838994612452,2.75016396903341,2.71623853260267,2.24025447172793,2.19079857868719,2.15690218058508,1.99955832162379,3.76262613114749,1.01497728587842,0.825583513740036,2.98420893392885,2.94659129480784,2.65680810448058,2.57681908971015
"41",41,2.51686803555635,2.51409486917593,2.48293097588869,2.382248611963,115,114,114,112,4.47716208944595,1.40497810208625,1.17719932643923,3.29918779826759,3.29783630305724,2.74935485189786,2.69813635910035,2.46387540517408,2.45043656531972,2.42006175943429,2.30147080926952,3.7980835660594,1.04580752267306,0.859732234118212,3.13976536721564,3.1317501647617,2.72634729383964,2.6641961859052
"42",42,2.54115879532064,2.53989585910323,2.50657190224227,2.40180067954468,505,504,504,502,4.46408337862657,1.41158628629963,1.18344726352684,3.31579912381202,3.31563025904488,2.73946020406249,2.68596207654168,2.52867145294268,2.52491109198752,2.49178373835781,2.38288856886876,3.77356586916131,1.05591274473271,0.871256794443446,3.18341592281036,3.18165935097678,2.73408343694784,2.67805053630303
"43",43,2.46110053173153,2.44987596751537,2.41769171500094,2.3291153108196,25,24,24,22,4.42844838086567,1.39597448241172,1.32532707511696,3.23791081619958,3.230586167326,2.76280575598696,2.76568265431107,2.24666712919553,2.19123567992297,2.16244920935206,1.99453519133385,3.30990278668388,0.969463778948209,0.903517782831462,2.98729953702668,2.95302479422678,2.66903072888809,2.62340845348951
"44",44,2.5701597902681,2.56801815553397,2.53342472079022,2.43442590316721,115,114,114,112,4.45715868767668,1.40974508647435,1.34209682929387,3.29984948248423,3.29960332251594,2.74851962576458,2.73618903951742,2.51604510254314,2.50299448357252,2.46927697415973,2.35187886156523,3.32344074533842,1.00140271628576,0.948384386449352,3.14201569306081,3.13574225137518,2.72551905716927,2.70177019719958
"45",45,2.58072398903735,2.57941747913955,2.54364983780833,2.4399440290702,505,504,504,502,4.47254776221166,1.41379823057174,1.3454465127223,3.31395387431566,3.31382164105401,2.74033024871043,2.72409720786291,2.56804222192643,2.56419954408896,2.52864292313233,2.42073157238559,3.33428720967523,1.00994759423816,0.959157795835116,3.17796445309538,3.17639854505153,2.73495177395008,2.71607334004205
"46",46,2.08179453887037,2.06128808020234,2.05394233734002,1.91632644781291,25,24,24,22,5.94488432893471,1.39344947931556,1.07415702179716,5.05800487672118,5.02832514318208,4.00793520133997,3.98912184847288,1.90040971505061,1.84367210741699,1.83710187526284,1.64104392792027,5.42682116595499,1.01983515793443,0.755489928913493,4.72923319466786,4.65216429356967,3.87203326512881,3.78441327153462
"47",47,2.21679554595567,2.20907946504949,2.20630660943749,2.07982429070489,115,114,114,112,5.96949753984796,1.40873406554338,1.08488605344719,5.13397892502724,5.13003285144612,3.94699832272478,3.90281910854691,2.17012093872942,2.1531443237178,2.15044167837799,2.00930115749872,5.44182008772487,1.05005580699299,0.788243046175726,4.96075649507397,4.9441918926765,3.91396846737413,3.85372508998604
"48",48,2.24269215896012,2.24010261663639,2.2401299776182,2.12117111283843,505,504,504,502,5.99365002450998,1.41263278243955,1.08960079127405,5.17815097626713,5.17818153040182,3.93764668537965,3.88802838214978,2.23167149197589,2.22688655665296,2.22691375621164,2.1044687181767,5.47128983841235,1.05875772744163,0.798508570897896,5.06573507240894,5.06347944410687,3.92991822516122,3.87657613817989
"49",49,2.09232696588013,2.06958631140598,2.05644171440864,1.92430026195867,25,24,24,22,5.96695266119404,1.3851926046573,1.15899590568323,5.06434229904559,5.03695984477195,4.01252089459924,4.0136465930204,1.91002446148148,1.85109427104272,1.83933738607357,1.64787229440302,5.07441894332595,0.975177167717246,0.795801852448032,4.74060182597567,4.66422855746417,3.87646346570631,3.8076794870758
"50",50,2.24243383837826,2.23430444433978,2.23291235038089,2.10800227267683,115,114,114,112,5.99474705617329,1.41121768114967,1.1808026389359,5.13551898585992,5.13351059546901,3.9501361089387,3.9212031569221,2.19521941717099,2.17773059226725,2.17637374691466,2.03652367434557,5.07398606384586,1.01652345601926,0.840805368626919,4.96552125236985,4.95194358656415,3.9170799955012,3.87187788326407
"51",51,2.28732675660609,2.28463487959712,2.28491935015931,2.16827456765893,505,504,504,502,5.99417224118765,1.41494539496149,1.18490887783805,5.18034810635897,5.18003917846233,3.94005454491597,3.90416184671218,2.27608675366231,2.27115609010562,2.27143888236076,2.1512012738804,5.06721222119219,1.02492837520981,0.851237601231681,5.06960791534886,5.06673105413966,3.93232135876652,3.89266208138852
"52",52,2.1646151846069,2.14447811067345,2.1358897680886,2.01432872867701,25,24,24,22,5.96022836103128,1.38312773696861,1.30831961057838,5.04253002176807,5.02757476875902,4.00861266539919,4.0456184091817,1.97601427487902,1.91807953269046,1.91039788555695,1.7249680673162,4.45039219107979,0.95106466539456,0.883251115732695,4.71404623914006,4.65710023941624,3.87268775758975,3.83801061507637
"53",53,2.27653574985639,2.26850578057472,2.26684222086225,2.1422983637455,115,114,114,112,5.97825890776879,1.41098343541103,1.33934305561956,5.13526920267624,5.13316990074779,3.95017723745135,3.94910732213163,2.22860331325667,2.21106593132721,2.20944449388743,2.06965684611875,4.45739071971943,0.994425676647897,0.939536424861205,4.96246553265559,4.94930573534075,3.91712077983615,3.89943103871203
"54",54,2.3270042647888,2.32476683381865,2.32455133425991,2.20864776928182,505,504,504,502,5.99772851794059,1.41598741852137,1.34469356735698,5.1827296233525,5.1826763212788,3.94118367442991,3.93125937888243,2.31556928519489,2.31105127556919,2.31083704740538,2.19125657133083,4.47099517210281,1.00406252255605,0.952146204034336,5.07495424679907,5.07254492279831,3.93344827212619,3.91967979738489
"55",55,3.40035945172855,3.16652005346283,3.35392257512896,2.47423751974324,25,24,24,22,4.37221691524279,3.07298923243821,1.8157968633061,3.20227339562247,3.18613063028125,3.18522394137414,2.51834413480086,3.10408929222938,2.83222163666366,2.9998395477038,2.11881042639743,3.99561301946876,2.81769170363977,1.56594013488981,2.9688421680969,2.92616489655921,2.95758491274782,2.21136371725228
"56",56,3.45787406398665,3.24485480258442,3.4241545677145,2.48841961637597,115,114,114,112,4.42703213149228,3.13716625289195,1.86933709470685,3.28126143227863,3.27613723581778,3.2673782025267,2.58582554743266,3.38506856143642,3.16269324395561,3.33745303763515,2.40404174423416,4.0395360847035,2.94523002974002,1.64166874076782,3.12661714877318,3.11410719487984,3.15038305947971,2.35973669628099
"57",57,3.49837520730098,3.28048297223315,3.47072682004434,2.50118683917666,505,504,504,502,4.4696465444579,3.15916270252467,1.88324724649557,3.3117903905416,3.31048419133722,3.30637233981778,2.59614009858904,3.48118407030451,3.26112892147955,3.45025037691216,2.48149214813651,4.08272220811661,2.97965975858559,1.66035602140878,3.17957367314479,3.17629656344602,3.22718256888473,2.38265272900652
"58",58,3.44324251797463,3.21733112927019,3.39571194792435,2.50465031707712,25,24,24,22,4.44273691139702,3.08697307368315,2.37959101449972,3.21669093434244,3.20361568843232,3.19436558292749,2.64351074531889,3.14323599675932,2.87766844446972,3.03721709902683,2.1448543900722,3.78820945980399,2.77675821770664,2.05376038394897,2.9858830114919,2.94612457034366,2.97249545865808,2.30151092370343
"59",59,3.50514902278237,3.2884093652351,3.47239893213959,2.53690699300401,115,114,114,112,4.45900783604728,3.15276620819462,2.42587991094941,3.29258224894257,3.28898099395868,3.27670578127718,2.74326803204154,3.43134814646506,3.20514498044903,3.38447582746989,2.45088500037758,3.77798932888906,2.89504055769414,2.13953035151221,3.14169235513141,3.13094147065467,3.16159878978829,2.48620647360399
"60",60,3.51834667408286,3.29992016202766,3.48880029448362,2.5227286535653,505,504,504,502,4.47491975532823,3.16082227905629,2.44258190762568,3.31618763929899,3.31523725236337,3.31029727995052,2.75534696343443,3.50105739660657,3.28045143658713,3.46821722225305,2.50286433929981,3.78520605100685,2.90630902887022,2.16271711097995,3.18645586094634,3.18372199384385,3.23305452791634,2.5109157567641
"61",61,3.46833765616799,3.24377493858279,3.39985112990968,2.54439535805319,25,24,24,22,4.41473150363391,3.11024861699931,2.92760178746586,3.2174796851218,3.21361367593533,3.19777778033727,3.0102513319222,3.16614461887968,2.90132050655253,3.04091929594301,2.17889000975128,3.30421126662327,2.52499957381445,2.32472729053539,2.98818474309253,2.95890455488293,2.97487264007004,2.69846136163484
"62",62,3.52367801087304,3.30543067729973,3.48423647432284,2.54243751441267,115,114,114,112,4.46446936714006,3.15515608186105,2.99160252457035,3.29350777484748,3.29245406497239,3.27784621979461,3.12592025562764,3.44948700690367,3.2217353032663,3.3960136363907,2.45622799166663,3.33070051867584,2.59324493275733,2.43009468767375,3.14108852352768,3.13308927238068,3.16115426081555,2.94571157824227
"63",63,3.52648030001924,3.30675644990963,3.4943673519481,2.53973631307483,505,504,504,502,4.46260511719911,3.15434766041106,2.98956862653407,3.30758868497902,3.30733629640644,3.30246941025998,3.14535195080468,3.50915105362325,3.28724739203521,3.47375143543404,2.51973807814652,3.326759086963,2.59783711120584,2.43860642463906,3.17458034733039,3.17279506101242,3.22184553012823,2.99819787271717
"64",64,3.51592457898459,3.46321793764815,3.47524615301684,2.80951267557027,25,24,24,22,5.18926018125931,3.08871840650816,1.75629781570415,4.19564345285626,4.172356920538,3.89854623526797,3.44189040689087,3.20958533732785,3.09759629179116,3.10835465467611,2.40592291669386,4.74092423597811,2.68786843622623,1.37518978115178,3.9160313438718,3.85467938953163,3.75249119560396,3.24433188987566
"65",65,3.61299023151254,3.56991657956547,3.58929510963742,2.88743316883891,115,114,114,112,5.28754204663788,3.15043876713624,1.79224632990663,4.32171664198184,4.31710719991238,3.94171998656832,3.49250448524352,3.53691875966401,3.47952427291485,3.49841212764645,2.78952545860589,4.84620039850163,2.77095469188632,1.42801714941504,4.16543240868578,4.15094490622164,3.9084903875263,3.44774765959847
"66",66,3.63261204728291,3.59099713343425,3.6164910102703,2.88852347654652,505,504,504,502,5.2910709019756,3.15552212553725,1.79606621407714,4.34818409498861,4.34744140494908,3.93578530892814,3.48118015503197,3.61476126580312,3.56981112473833,3.5951545939087,2.86577884326213,4.8339977531757,2.77956449872976,1.43834049773836,4.23324137280056,4.23033556285077,3.92806050205269,3.47092628841372
"67",67,3.64664643680271,3.60113204686971,3.60450431761935,2.98945039414215,25,24,24,22,5.21994462411868,3.08864380019968,2.24394871026959,4.21274714640139,4.19714806154107,3.90713588906193,3.58661900283946,3.3289175211378,3.22095042110146,3.22396667175535,2.5600123730092,4.45351931794209,2.48136445274709,1.68906693837471,3.93501404305841,3.88438442120255,3.7583474480964,3.37527282909595
"68",68,3.70753426458406,3.66591099824765,3.68083085147968,2.99931465513725,115,114,114,112,5.28037722152929,3.1503790411483,2.3173653171754,4.31501544581617,4.31043811959231,3.9351668162965,3.63282670170824,3.62947216909987,3.57308805862932,3.58763013274005,2.89761324319741,4.47528854269335,2.56600622531933,1.79260756005708,4.15833587050489,4.14388183037124,3.90193249558783,3.58502945493509
"69",69,3.72847529146499,3.68826780665861,3.70875287464443,3.0115187612493,505,504,504,502,5.29393567171216,3.15965255278934,2.32957611806317,4.35005039504788,4.34919277443549,3.93745414985816,3.63868877381731,3.71015343468138,3.66650792467563,3.68687213574835,2.98780564608516,4.47906048786897,2.58067113898284,1.81322648388129,4.23950178126397,4.23646230975016,3.92972606753121,3.62797096327879
"70",70,3.78777532386963,3.75585091260833,3.74479235672139,3.17752028908719,25,24,24,22,5.24138806396332,3.12433234253835,2.90161702829084,4.26163158437439,4.25291957790022,3.95778216078818,3.86513903526932,3.45774997940805,3.35933518157874,3.34944410850026,2.72106580911681,3.92243024716345,2.24558076394623,2.04233090708449,3.99379972895011,3.94851023634259,3.81129946266322,3.64493419427317
"71",71,3.80900739637037,3.7691368996727,3.78180773443866,3.12798717195614,115,114,114,112,5.27591693133618,3.14987776834775,2.94465352682134,4.31463281756265,4.31272495874501,3.93804313619528,3.85976137632381,3.72880878514895,3.67370022185407,3.68605022391815,3.02192270440427,3.93651579648209,2.30283450620083,2.13504261239651,4.16081235770261,4.14963009937594,3.90447196336755,3.80996218014193
"72",72,3.82662851598326,3.78570293794987,3.80180326898056,3.12292624487945,505,504,504,502,5.29341615957053,3.15785647881759,2.95015586267845,4.34990401513027,4.34965975552194,3.93942609467337,3.85789498416203,3.8078243308531,3.76336821241728,3.77937355541524,3.09833589178359,3.94643911710416,2.31858512235812,2.15453181392477,4.23127814436073,4.22895401526771,3.93169414198977,3.84653149855281
"73",73,3.65422374991875,3.62653152896564,3.61420949684573,2.96666246798386,25,24,24,22,6.53743375778895,3.10711753904997,1.69221362422895,5.7167889203392,5.68999451397869,4.89410698282343,4.53731374666057,3.33583463000269,3.24366840852537,3.23264724794895,2.54049795890996,5.96699160025492,2.52920215844179,1.23699215960983,5.35175432931409,5.26858297015645,4.72794268146413,4.30435492399762
"74",74,3.73013584595803,3.72355904249353,3.71966166388776,3.07326781144961,115,114,114,112,6.61116856356979,3.1447325435028,1.7384198581618,5.8342497021514,5.82887467111676,4.85501323917202,4.48398611576147,3.65159787441245,3.62927642179382,3.62547772701839,2.96905877984356,6.03584370325783,2.59333093692596,1.30885797738567,5.64945705484981,5.62973515008129,4.81438479905031,4.42758152936602
"75",75,3.75520554442571,3.75387271573011,3.75288797596102,3.09714162036305,505,504,504,502,6.62839149106316,3.15947114049811,1.74189247486076,5.89391347547911,5.89316571635807,4.84961815745263,4.47872281442027,3.73675233425278,3.7317257807581,3.73074685071387,3.07275429896617,6.05049680565075,2.61590016341043,1.32022329923295,5.78652860405074,5.7829321253725,4.84009976131425,4.465530671436
"76",76,3.8387973261049,3.82479486785207,3.81564292556522,3.2229949470163,25,24,24,22,6.59603767375481,3.12169983124421,2.1779523508215,5.7107079002363,5.6849861316045,4.88361953307823,4.64798917195624,3.50432648199695,3.42100052980382,3.412814783772,2.76000797961912,5.61473277763261,2.35254563039689,1.551998166546,5.35701844721611,5.27704766074809,4.7177236004252,4.40852413940011
"77",77,3.88489746838017,3.87997860855018,3.87758387574727,3.24783536656756,115,114,114,112,6.62747746842838,3.15228224601965,2.24426735367021,5.83841527962122,5.83581685077132,4.8581903058348,4.60051734508627,3.80310099247976,3.78173535597966,3.77940125916559,3.13770706043525,5.61139126125426,2.41436998810737,1.65087562961605,5.65893444682152,5.64443338631187,4.81753527891377,4.54264689871209
"78",78,3.90277058348922,3.90162890476052,3.90069061894929,3.27423328023921,505,504,504,502,6.63422112974607,3.15992290559362,2.25077020463792,5.89312100230737,5.89237466202819,4.85093286698384,4.59093890041532,3.88359223360081,3.87861024425119,3.87767749409778,3.24845151462392,5.61221087138234,2.43078331720955,1.66836961401032,5.78596618128405,5.78195800038277,4.84141189045136,4.5774162233228
"79",79,3.96018693051605,3.94764950764435,3.93283850764702,3.39003774953636,25,24,24,22,6.55986616302693,3.08406353151134,2.81949612830633,5.71932776844941,5.70879836246021,4.88894763217869,4.84848743999695,3.61513952296797,3.53088506017454,3.51763769905102,2.90305488954994,4.89621146627238,2.15919941017323,1.93446305973435,5.36207616978072,5.30327953164574,4.72317213535282,4.59956960569093
"80",80,4.04829737049754,4.04551882333159,4.04271551830631,3.45284770514359,115,114,114,112,6.63090663543712,3.15037316398612,2.90579340890721,5.83835241374958,5.83747524536138,4.85429009870263,4.78570545077083,3.96306051135293,3.94308399890666,3.94035167514994,3.33576779616343,4.94467011568036,2.25324900924585,2.06436024752745,5.66014427237007,5.64710836312965,4.81366771007198,4.72550550153094
"81",81,4.05348925600256,4.0527727344636,4.05180378513006,3.45107380413101,505,504,504,502,6.62353828748694,3.15829111901375,2.91337958049268,5.88203213657711,5.88170026402882,4.84223155445908,4.76674124231204,4.03357026933464,4.02886236216186,4.02789912939345,3.42389957177679,4.93615697795975,2.27069908107829,2.08717325791205,5.76632871488739,5.7630690405401,4.83272765608344,4.7527007368726
"82",82,4.64080983033761,4.59027776950337,4.50212390218259,3.53768897161717,25,24,24,22,5.88481712124965,4.91639564774103,3.33622053732704,4.99022057341428,4.96356361405745,4.9703143381283,3.87842434926821,4.23646038194605,4.10566925128626,4.02682203536276,3.02949584209342,5.38010610800907,4.58702073753376,3.01857370748155,4.69271960998063,4.62158406251691,4.65389966740751,3.37785700572623
"83",83,4.73615345209408,4.67210608387516,4.61412349932653,3.54793708281365,115,114,114,112,5.99207484540526,5.04790830676148,3.45114599785169,5.13286366815617,5.12643496991652,5.1149428615,4.02050195316753,4.63643379028628,4.5538057156662,4.4972912829486,3.42763286258859,5.48705012896866,4.84581291384271,3.22528093147616,4.97507898819119,4.95676291831651,4.9703407468665,3.63436621664036
"84",84,4.76303984325827,4.69209080331094,4.64702205509026,3.54456717223481,505,504,504,502,5.99296011934116,5.08458505295733,3.48210760279136,5.17227247279016,5.17057405140334,5.16009919645246,4.03693880271843,4.7396341004168,4.66440861007401,4.6196057564938,3.51665676017171,5.47343795370702,4.91902677986861,3.27514234904928,5.06350934466484,5.0587719589425,5.07982322956054,3.66914004028396
"85",85,4.64047791437089,4.59010297113083,4.49780767609222,3.56764994565432,25,24,24,22,5.91155228358992,4.94341451474597,4.15915635699078,4.98081334928384,4.95934005422731,4.96613484823478,4.16470211673157,4.2361573855091,4.10551290686892,4.02296148538503,3.05515288741278,5.01996657594688,4.54129790564838,3.74289852234964,4.67262254539662,4.60764310031139,4.64175586368296,3.64272627530111
"86",86,4.73796018353298,4.66795112734127,4.61568540814624,3.57247647219195,115,114,114,112,5.95256791141205,5.0513762265745,4.26530173373073,5.10816660300857,5.10377251721977,5.09257469638273,4.39848782362139,4.63820248101347,4.54975596498145,4.49881364335371,3.45134016502875,5.0359319252752,4.75758732752372,3.95353827809621,4.94286424891093,4.92752552970627,4.9407400558421,4.03315874961154
"87",87,4.78707972166132,4.71516948540713,4.66961950278353,3.56736288540778,505,504,504,502,6.00131025815493,5.09741884448895,4.28451448743827,5.18090781411451,5.17974017218858,5.16919847064742,4.45155653171752,4.76355584602433,4.68735113356539,4.64206988474805,3.53927297674692,5.07582845557799,4.82792019581233,3.98471713700003,5.07325972079689,5.06930884560332,5.08970042294706,4.11825285419793
"88",88,4.67424769571725,4.61417084039611,4.520801480541,3.61162659308513,25,24,24,22,5.935083737048,5.02949618430476,4.85443277556477,5.00713586939741,5.00454553742545,4.98925646307434,4.80943918529375,4.2669848371848,4.12703986356922,4.04352776930854,3.0928122383647,4.43950026359701,4.2575204741297,4.04326200776707,4.70776873242377,4.6661936514928,4.6689209640287,4.3757396395078
"89",89,4.77333192043765,4.70586765380507,4.64676156031236,3.58571375134298,115,114,114,112,5.97687287984004,5.07934635722358,4.91195577306797,5.12586622225111,5.12424457446722,5.11027805242932,4.96600066844727,4.67282946636451,4.58671242355267,4.52910292977281,3.46412859164689,4.45965900342643,4.32336065699936,4.1462839805862,4.96851716895366,4.95606467812523,4.96646363194896,4.75587672137753
"90",90,4.79592603751934,4.72263594479955,4.67694218077154,3.57208147525684,505,504,504,502,5.9960496877596,5.1012854885048,4.93877502043417,5.18323576366978,5.18312636200636,5.17148124921509,5.02245386095552,4.77235869077967,4.69477354266544,4.64934936071898,3.54395441176702,4.47007451665544,4.35433465089604,4.18986843805975,5.07571781710693,5.07309128736932,5.09229297454836,4.87999826901466
"91",91,4.89987134167508,4.89037387450466,4.79826028586765,3.88794608350837,25,24,24,22,6.53406620896406,4.99685595411534,3.02034730924793,5.70646406483696,5.6830367377043,5.50969202383893,4.59786631662248,4.47295010451424,4.37408336751258,4.29169446917505,3.32943811306502,5.98141403777617,4.49706660065709,2.50735559262688,5.3833155423834,5.31174561861535,5.26203639285777,4.23574136435564
"92",92,4.98076936280431,4.95406801234768,4.89165927561091,3.9135815991396,115,114,114,112,6.61544461276013,5.06882810014168,3.12373375145778,5.82919991853657,5.82037811522026,5.59240796288294,4.75257307315206,4.8758993155338,4.82862820865494,4.76779969642567,3.7808790253391,6.05620493323645,4.63297539323734,2.64570762506476,5.65649460758385,5.6344728443165,5.53082919071497,4.6248661335145
"93",93,5.01910722554074,4.98749119723393,4.93284043422269,3.91934943238562,505,504,504,502,6.63731243417036,5.0950431697177,3.14286299056935,5.89488485120613,5.89313936877164,5.61116294215079,4.81919980552989,4.99444315870933,4.9580662136015,4.90373787678482,3.88848793298055,6.06482588379898,4.67356387577302,2.67555857733261,5.79232221027363,5.78728963860333,5.5997098892346,4.78281183377592
"94",94,4.97868896849217,4.96477020343229,4.85817439715681,4.04617494662809,25,24,24,22,6.56981985401791,5.04444611456123,3.92455244576595,5.68943442037422,5.6715917217319,5.49886345400469,4.85319442901729,4.54490042474215,4.44062546701602,4.34528327943668,3.46493721622705,5.59690925762059,4.25814887399871,3.13524585830378,5.34554294947683,5.27794671062506,5.25144799594596,4.45148604836958
"95",95,5.0855090731551,5.05313178237665,4.98285475860888,4.03752260402819,115,114,114,112,6.59279489786689,5.0773176881818,4.02563005116588,5.82881844370417,5.82227580417319,5.59592771220831,5.05114110379972,4.97843373236957,4.92518362800432,4.85668605822135,3.90061741174856,5.57857547903276,4.32349285723522,3.28723053828296,5.65111853050283,5.63112621196528,5.53647595035853,4.90310205351597
"96",96,5.11434489472644,5.07971303237562,5.01992465803327,4.02203563121406,505,504,504,502,6.62588172232695,5.10297005855395,4.03572117146264,5.89142023316332,5.89010093254296,5.6148339476451,5.12323866123049,5.08921282668843,5.04974396237145,4.99030832487952,3.99036556647979,5.60109147724238,4.35923098601852,3.3093798033494,5.78480131408587,5.78022075074262,5.6036683549384,5.07506297554046
"97",97,5.10937981503014,5.09544343228125,4.97548387823451,4.17888384965902,25,24,24,22,6.57470783355526,5.03079678236883,4.78621721718791,5.70476701030591,5.70160249497322,5.51474024066911,5.35296646061617,4.66420429925597,4.55750315603429,4.45020806907466,3.57858233120651,4.91730014658127,3.70602896549875,3.45783801617648,5.37490501030259,5.32544143986783,5.263304521033,4.98374474918119
"98",98,5.18756965710258,5.15184020287475,5.07543323414947,4.12526985608271,115,114,114,112,6.60979141153615,5.08953602325574,4.85111182900067,5.83353977153721,5.83173016369798,5.59643546148125,5.47291358853675,5.07834543178067,5.02139269547391,4.94692039440635,3.98538931094622,4.93074903759019,3.80452534932323,3.59686197279819,5.66023225870348,5.64606449125242,5.5366446031698,5.37721885790638
"99",99,5.21284250007382,5.17685644670739,5.11361731429879,4.13725591158212,505,504,504,502,6.64654409487214,5.10184834382885,4.86678570300678,5.90426824741458,5.90390986931045,5.61561528154671,5.50839622887633,5.18722641138993,5.14631425421264,5.0834482172868,4.10467858642736,4.95581312736812,3.82816438966437,3.63234225691721,5.80665910992701,5.80344911283261,5.604250831,5.49030060223343
"100",100,5.12987459303255,5.12712718740776,5.04538769898577,4.24574766027281,25,24,24,22,7.60513137333169,5.00073557793041,2.78419866512727,6.86645321117594,6.84317010558505,6.27863325544707,5.54649085192735,4.68291338629427,4.58584196813242,4.51273194710938,3.63584107776851,6.96168716311971,4.31387515229497,2.14960013411786,6.45849947669564,6.37616309111465,6.05471496838197,5.24441703765347
"101",101,5.23937053111186,5.23750453651272,5.19495543597341,4.26507087688107,115,114,114,112,7.72986439742412,5.10359147121653,2.85632363392117,7.04695208838196,7.04026225602093,6.30451956506003,5.55598429013665,5.12905563892499,5.10488795973935,5.06341622648802,4.1204499284056,7.06932211420139,4.45867703938742,2.25697753375394,6.85403795508951,6.83106934249667,6.25176115163727,5.48590757801111
"102",102,5.25556179413537,5.25209877142255,5.21642944888531,4.26158346300028,505,504,504,502,7.73727885021852,5.09433397613452,2.87597176382138,7.10106385174896,7.09954196134687,6.28296117613703,5.53506828875823,5.22973578136012,5.22111266753314,5.18565378531355,4.22802716551343,7.07025404912332,4.45984038801151,2.28599666652197,6.99511614776873,6.98960737874057,6.27062954270634,5.51876466486396
"103",103,5.30538968852098,5.30754772137076,5.19639270728507,4.48373768567064,25,24,24,22,7.67950497683927,4.96550306578423,3.63349890713353,6.84139908782154,6.81075759918204,6.2606032124099,5.77263240732474,4.84313601459708,4.74721499952365,4.64779493250943,3.83964355961101,6.53743935883878,3.93061771017995,2.70824378007245,6.41837342492176,6.32687938272774,6.03657374840749,5.44679996445863
"104",104,5.42775811157215,5.42938555280049,5.38074926765095,4.50536595312618,115,114,114,112,7.73288034941462,5.07952171615995,3.74982972743371,7.04027756434851,7.03698760803717,6.28714238604765,5.80905003873093,5.31347672083275,5.29191044018233,5.24450565327753,4.35259702708042,6.55236387915129,4.08425298089272,2.87153379089928,6.85709052970017,6.83891925656263,6.23450965843273,5.73552818238856
"105",105,5.45232214071538,5.44923443359534,5.40981931949209,4.49697126587484,505,504,504,502,7.72989868318471,5.08569836239031,3.77553991956603,7.09538697826377,7.09425415205818,6.2799231651388,5.80050256911049,5.42552924077878,5.41708527730074,5.3779027027733,4.46156149227832,6.53490328384964,4.10154347673332,2.91110971949728,6.98593344467008,6.98102584528892,6.26759749444398,5.78341710469506
"106",106,5.54115347413453,5.55146867802839,5.45533723732018,4.73379817305608,25,24,24,22,7.7009999228613,5.04621141531389,4.67465513726105,6.87921397890098,6.86565790280144,6.29828390707748,6.16617696574547,5.058357920636,4.96538453561295,4.87940196113353,4.05378256755769,5.75618474083997,3.60454916461853,3.27084953757967,6.47300305530031,6.39891834931209,6.07551798731256,5.83063353350917
"107",107,5.61335640400668,5.61480249658771,5.56029232665527,4.71379983878902,115,114,114,112,7.72239994295961,5.07910483707167,4.75279379180605,7.04005809621459,7.03838436375321,6.29487634301997,6.17341280877513,5.4951672431452,5.47263252209603,5.41950258049283,4.55396329133458,5.7581469450022,3.69064356508713,3.426994774713,6.84422344742976,6.82748660210944,6.24219862743467,6.09561001018294
"108",108,5.64923449429973,5.6455196277006,5.59877730860285,4.71152412892816,505,504,504,502,7.74896156183252,5.09653072934829,4.78063447945815,7.10863785768466,7.10832520351921,6.28832333394669,6.16414691320229,5.62147396023409,5.61221243655533,5.56574588575871,4.67442493641921,5.77758883781422,3.72035665936723,3.47387862837909,7.00023749373341,6.99651423881948,6.27598117615294,6.14599032909907
"109",109,1.29375848890818,1.29209060251561,1.29144504602465,1.28503358544609,25,24,24,22,3.13936674586333,0.992714039362989,0.991348957983151,0.991852289964671,0.99104178817617,0.991820364853447,0.990621106193413,1.18103451389801,1.15568096812542,1.15510356484658,1.10043701843006,2.86946911645841,0.801526474513554,0.791763280213366,0.804956069028041,0.796162123654373,0.801694262636682,0.784126144749881
"110",110,1.29709962843133,1.29727377329962,1.29598997648729,1.29588249101196,115,114,114,112,3.15477137630129,0.996265721861183,0.996255036140329,0.996187470230633,0.996202722180035,0.996181853043535,0.9963201968457,1.26978920920896,1.26442606772657,1.26317477737555,1.25194142640298,2.88583918644492,0.810215537051671,0.808088048618678,0.811342003413529,0.809369947425696,0.810534938814187,0.806706837203552
"111",111,1.30189891131276,1.30173808070597,1.30158690023266,1.30116795732958,505,504,504,502,3.16025597600981,0.998110033292258,0.99803020502644,0.998096485922838,0.998080807844996,0.998096954536319,0.997987858043922,1.29550133494839,1.29405814299706,1.29390785445173,1.29092238090579,2.88583459461745,0.813878370701453,0.813304275138308,0.81416493633488,0.813674773584925,0.813969151758313,0.812900137184943
"112",112,1.29024889523539,1.28940044581447,1.28726778038922,1.28548826097293,25,24,24,22,3.15415693308621,0.988784224810246,0.988970367987611,0.989957945013503,0.989707978535573,0.990082483362537,0.990393582763569,1.1778307078609,1.15327481882388,1.15136730487823,1.10082637928941,2.69554508262966,0.797840584453671,0.789628405161818,0.803724641419862,0.796094917100794,0.800574466288487,0.785838110622435
"113",113,1.30177001326553,1.30130232205495,1.30115237616747,1.29962102622812,115,114,114,112,3.15337968147588,0.997511289225802,0.997333117573229,0.997730612897515,0.997662327936885,0.997727577739665,0.997441861937475,1.27436125913891,1.26835261134919,1.26820646217638,1.25555319455606,2.66770199487573,0.812050819656569,0.80971681521678,0.813540794757978,0.811660389962562,0.812672922086283,0.80870738092735
"114",114,1.30203278612953,1.30198307296955,1.30180260298023,1.30161893421919,505,504,504,502,3.15910336992834,0.997963516348042,0.997947623528338,0.99802272253997,0.997990498343375,0.998022348611036,0.998011012259894,1.29563455189968,1.29430168986594,1.29412228460562,1.29136980674102,2.67093200673697,0.814191710757718,0.813675807847669,0.814552539205291,0.814088904175132,0.814346461863774,0.813479545252006
"115",115,1.29419542271555,1.2937760569936,1.29210687616679,1.28549492850124,25,24,24,22,3.13925664093332,0.998551051530925,0.998303672491747,0.998349896219256,0.998583176332871,0.998361442580749,0.998598162914189,1.18143337806874,1.15718848443973,1.15569552372153,1.10083208901953,2.3488630721131,0.81090134843716,0.802370384584143,0.815432438536599,0.810364621800163,0.81142806856823,0.800972993825242
"116",116,1.30424512431445,1.30441064088297,1.30386936114644,1.30276438541391,115,114,114,112,3.15595311715548,1.00192705663055,1.00178767022709,1.00170778402035,1.00179404480878,1.00171694545871,1.00172086150177,1.27678425675037,1.27138222578667,1.27085465155918,1.25858996803672,2.35459848674032,0.816959753880148,0.814670839840097,0.817956892295415,0.816826393773774,0.817107372868069,0.814514108906685
"117",117,1.30229899758556,1.30238893468404,1.30206876892314,1.30200186410511,505,504,504,502,3.15516281788024,0.999122365910585,0.999113915304349,0.999075585499761,0.999051327748963,0.99907622392146,0.999107997082229,1.29589945518338,1.29470515709515,1.29438688023427,1.29174972138406,2.35176035426389,0.814953900039348,0.814444534999151,0.815203340961508,0.814888502539828,0.81498976019201,0.814439102231659
